File ID,Temperature (K),G,Pressure (bar),theta
1,77,-0.000353,1,0.513297
1,77,-0.000353,2,0.678383
1,77,-0.000353,3,0.759842
1,77,-0.000353,4,0.808377
1,77,-0.000353,5,0.840592
1,100,-2.30E-05,1,0.500667
1,100,-2.30E-05,2,0.66726
1,100,-2.30E-05,3,0.7505
1,100,-2.30E-05,4,0.800427
1,100,-2.30E-05,5,0.833704
1,273,0.002147,1,0.477199
1,273,0.002147,2,0.646086
1,273,0.002147,3,0.7325
1,273,0.002147,4,0.784997
1,273,0.002147,5,0.820269
1,298.15,0.002419,1,0.476479
1,298.15,0.002419,2,0.645426
1,298.15,0.002419,3,0.731934
1,298.15,0.002419,4,0.784509
1,298.15,0.002419,5,0.819843
1,400,0.003432,1,0.475128
1,400,0.003432,2,0.644185
1,400,0.003432,3,0.73087
1,400,0.003432,4,0.783592
1,400,0.003432,5,0.819042
1,500,0.004314,1,0.474989
1,500,0.004314,2,0.644058
1,500,0.004314,3,0.730761
1,500,0.004314,4,0.783498
1,500,0.004314,5,0.818959
1,600,0.005102,1,0.47535
1,600,0.005102,2,0.644389
1,600,0.005102,3,0.731045
1,600,0.005102,4,0.783743
1,600,0.005102,5,0.819173
1,700,0.005814,1,0.475922
1,700,0.005814,2,0.644915
1,700,0.005814,3,0.731496
1,700,0.005814,4,0.784131
1,700,0.005814,5,0.819513
2,77,-0.000596,1,0.522441
2,77,-0.000596,2,0.68632
2,77,-0.000596,3,0.766462
2,77,-0.000596,4,0.813986
2,77,-0.000596,5,0.845439
2,100,-0.000336,1,0.509747
2,100,-0.000336,2,0.675275
2,100,-0.000336,3,0.75724
2,100,-0.000336,4,0.806166
2,100,-0.000336,5,0.838679
2,273,0.001314,1,0.486039
2,273,0.001314,2,0.654141
2,273,0.001314,3,0.739381
2,273,0.001314,4,0.790913
2,273,0.001314,5,0.82543
2,298.15,0.00151,1,0.485311
2,298.15,0.00151,2,0.65348
2,298.15,0.00151,3,0.738819
2,298.15,0.00151,4,0.79043
2,298.15,0.00151,5,0.82501
2,400,0.002218,1,0.483918
2,400,0.002218,2,0.652217
2,400,0.002218,3,0.737741
2,400,0.002218,4,0.789505
2,400,0.002218,5,0.824203
2,500,0.002798,1,0.48377
2,500,0.002798,2,0.652083
2,500,0.002798,3,0.737627
2,500,0.002798,4,0.789407
2,500,0.002798,5,0.824117
2,600,0.003285,1,0.484121
2,600,0.003285,2,0.652401
2,600,0.003285,3,0.737899
2,600,0.003285,4,0.78964
2,600,0.003285,5,0.824321
2,700,0.003697,1,0.484682
2,700,0.003697,2,0.65291
2,700,0.003697,3,0.738333
2,700,0.003697,4,0.790013
2,700,0.003697,5,0.824646
3,77,-0.000109,1,0.504107
3,77,-0.000109,2,0.670307
3,77,-0.000109,3,0.753068
3,77,-0.000109,4,0.802616
3,77,-0.000109,5,0.835602
3,100,0.000429,1,0.487556
3,100,0.000429,2,0.655513
3,100,0.000429,3,0.74055
3,100,0.000429,4,0.791915
3,100,0.000429,5,0.826303
3,273,0.004875,1,0.448377
3,273,0.004875,2,0.619144
3,273,0.004875,3,0.709175
3,273,0.004875,4,0.764779
3,273,0.004875,5,0.802534
3,298.15,0.005548,1,0.446222
3,298.15,0.005548,2,0.617087
3,298.15,0.005548,3,0.707374
3,298.15,0.005548,4,0.763208
3,298.15,0.005548,5,0.801149
3,400,0.008312,1,0.440003
3,400,0.008312,2,0.611114
3,400,0.008312,3,0.70213
3,400,0.008312,4,0.758623
3,400,0.008312,5,0.797103
3,500,0.01107,1,0.436118
3,500,0.01107,2,0.607356
3,500,0.01107,3,0.698819
3,500,0.01107,4,0.755721
3,500,0.01107,5,0.794539
3,600,0.013862,1,0.43337
3,600,0.013862,2,0.604687
3,600,0.013862,3,0.69646
3,600,0.013862,4,0.753651
3,600,0.013862,5,0.792708
3,700,0.016681,1,0.431301
3,700,0.016681,2,0.60267
3,700,0.016681,3,0.694675
3,700,0.016681,4,0.752082
3,700,0.016681,5,0.791319
4,77,-0.000459,1,0.517288
4,77,-0.000459,2,0.681858
4,77,-0.000459,3,0.762745
4,77,-0.000459,4,0.810839
4,77,-0.000459,5,0.842721
4,100,-0.000161,1,0.504671
4,100,-0.000161,2,0.670806
4,100,-0.000161,3,0.753487
4,100,-0.000161,4,0.802973
4,100,-0.000161,5,0.835912
4,273,0.001775,1,0.481146
4,273,0.001775,2,0.649694
4,273,0.001775,3,0.735587
4,273,0.001775,4,0.787654
4,273,0.001775,5,0.822589
4,298.15,0.002013,1,0.480422
4,298.15,0.002013,2,0.649034
4,298.15,0.002013,3,0.735023
4,298.15,0.002013,4,0.787169
4,298.15,0.002013,5,0.822165
4,400,0.002889,1,0.479058
4,400,0.002889,2,0.647788
4,400,0.002889,3,0.733958
4,400,0.002889,4,0.786252
4,400,0.002889,5,0.821365
4,500,0.003637,1,0.478909
4,500,0.003637,2,0.647652
4,500,0.003637,3,0.733841
4,500,0.003637,4,0.786151
4,500,0.003637,5,0.821277
4,600,0.004292,1,0.479258
4,600,0.004292,2,0.647971
4,600,0.004292,3,0.734114
4,600,0.004292,4,0.786387
4,600,0.004292,5,0.821482
4,700,0.004871,1,0.479822
4,700,0.004871,2,0.648487
4,700,0.004871,3,0.734555
4,700,0.004871,4,0.786766
4,700,0.004871,5,0.821814
5,77,0.478679,1,0
5,77,0.478679,2,0
5,77,0.478679,3,0
5,77,0.478679,4,0
5,77,0.478679,5,0
5,100,0.479229,1,0
5,100,0.479229,2,0
5,100,0.479229,3,0
5,100,0.479229,4,0
5,100,0.479229,5,0
5,273,0.484818,1,0
5,273,0.484818,2,0
5,273,0.484818,3,0
5,273,0.484818,4,0
5,273,0.484818,5,0
5,298.15,0.485873,1,0
5,298.15,0.485873,2,0
5,298.15,0.485873,3,0
5,298.15,0.485873,4,0
5,298.15,0.485873,5,0
5,400,0.490704,1,1.00E-06
5,400,0.490704,2,1.00E-06
5,400,0.490704,3,2.00E-06
5,400,0.490704,4,3.00E-06
5,400,0.490704,5,3.00E-06
5,500,0.496163,1,1.00E-05
5,500,0.496163,2,2.00E-05
5,500,0.496163,3,3.00E-05
5,500,0.496163,4,4.00E-05
5,500,0.496163,5,5.00E-05
5,600,0.502157,1,6.10E-05
5,600,0.502157,2,0.000121
5,600,0.502157,3,0.000182
5,600,0.502157,4,0.000242
5,600,0.502157,5,0.000303
5,700,0.508555,1,0.000218
5,700,0.508555,2,0.000436
5,700,0.508555,3,0.000654
5,700,0.508555,4,0.000871
5,700,0.508555,5,0.001089
6,77,0.001045,1,0.460707
6,77,0.001045,2,0.6308
6,77,0.001045,3,0.719325
6,77,0.001045,4,0.773608
6,77,0.001045,5,0.810297
6,100,0.001712,1,0.450493
6,100,0.001712,2,0.621159
6,100,0.001712,3,0.710936
6,100,0.001712,4,0.766315
6,100,0.001712,5,0.803886
6,273,0.006703,1,0.429244
6,273,0.006703,2,0.600658
6,273,0.006703,3,0.692892
6,273,0.006703,4,0.750514
6,273,0.006703,5,0.789929
6,298.15,0.007399,1,0.428495
6,298.15,0.007399,2,0.599925
6,298.15,0.007399,3,0.692241
6,298.15,0.007399,4,0.749942
6,298.15,0.007399,5,0.789422
6,400,0.010145,1,0.426944
6,400,0.010145,2,0.598403
6,400,0.010145,3,0.69089
6,400,0.010145,4,0.748751
6,400,0.010145,5,0.788366
6,500,0.012738,1,0.426622
6,500,0.012738,2,0.598087
6,500,0.012738,3,0.690608
6,500,0.012738,4,0.748503
6,500,0.012738,5,0.788147
6,600,0.015243,1,0.426823
6,600,0.015243,2,0.598285
6,600,0.015243,3,0.690784
6,600,0.015243,4,0.748658
6,600,0.015243,5,0.788284
6,700,0.017675,1,0.427263
6,700,0.017675,2,0.598717
6,700,0.017675,3,0.691168
6,700,0.017675,4,0.748997
6,700,0.017675,5,0.788584
7,77,0.000319,1,0.487983
7,77,0.000319,2,0.655899
7,77,0.000319,3,0.740878
7,77,0.000319,4,0.792197
7,77,0.000319,5,0.826548
7,100,0.000922,1,0.473276
7,100,0.000922,2,0.642481
7,100,0.000922,3,0.729407
7,100,0.000922,4,0.78233
7,100,0.000922,5,0.817938
7,273,0.005232,1,0.444626
7,273,0.005232,2,0.615559
7,273,0.005232,3,0.706035
7,273,0.005232,4,0.762038
7,273,0.005232,5,0.800118
7,298.15,0.00582,1,0.443608
7,298.15,0.00582,2,0.614582
7,298.15,0.00582,3,0.705178
7,298.15,0.00582,4,0.761289
7,298.15,0.00582,5,0.799457
7,400,0.008114,1,0.441419
7,400,0.008114,2,0.612478
7,400,0.008114,3,0.70333
7,400,0.008114,4,0.759673
7,400,0.008114,5,0.798031
7,500,0.010253,1,0.440786
7,500,0.010253,2,0.611869
7,500,0.010253,3,0.702795
7,500,0.010253,4,0.759204
7,500,0.010253,5,0.797617
7,600,0.012304,1,0.440784
7,600,0.012304,2,0.611867
7,600,0.012304,3,0.702793
7,600,0.012304,4,0.759203
7,600,0.012304,5,0.797616
7,700,0.014278,1,0.441098
7,700,0.014278,2,0.612169
7,700,0.014278,3,0.703058
7,700,0.014278,4,0.759435
7,700,0.014278,5,0.797821
8,77,0.000212,1,0.492013
8,77,0.000212,2,0.659529
8,77,0.000212,3,0.743961
8,77,0.000212,4,0.794839
8,77,0.000212,5,0.828848
8,100,0.000915,1,0.473479
8,100,0.000915,2,0.642668
8,100,0.000915,3,0.729567
8,100,0.000915,4,0.782468
8,100,0.000915,5,0.818059
8,273,0.00644,1,0.431985
8,273,0.00644,2,0.603337
8,273,0.00644,3,0.695266
8,273,0.00644,4,0.752602
8,273,0.00644,5,0.791779
8,298.15,0.007233,1,0.430078
8,298.15,0.007233,2,0.601475
8,298.15,0.007233,3,0.693616
8,298.15,0.007233,4,0.751151
8,298.15,0.007233,5,0.790494
8,400,0.010391,1,0.425199
8,400,0.010391,2,0.596687
8,400,0.010391,3,0.689363
8,400,0.010391,4,0.747406
8,400,0.010391,5,0.787173
8,500,0.013404,1,0.422845
8,500,0.013404,2,0.594365
8,500,0.013404,3,0.687296
8,500,0.013404,4,0.745582
8,500,0.013404,5,0.785554
8,600,0.01634,1,0.421641
8,600,0.01634,2,0.593175
8,600,0.01634,3,0.686234
8,600,0.01634,4,0.744645
8,600,0.01634,5,0.784721
8,700,0.019207,1,0.42106
8,700,0.019207,2,0.5926
8,700,0.019207,3,0.685721
8,700,0.019207,4,0.744192
8,700,0.019207,5,0.784319
9,77,0.000604,1,0.477258
9,77,0.000604,2,0.64614
9,77,0.000604,3,0.732547
9,77,0.000604,4,0.785037
9,77,0.000604,5,0.820304
9,100,0.00118,1,0.465819
9,100,0.00118,2,0.635575
9,100,0.00118,3,0.723457
9,100,0.00118,4,0.777188
9,100,0.00118,5,0.813437
9,273,0.005402,1,0.442842
9,273,0.005402,2,0.613847
9,273,0.005402,3,0.704533
9,273,0.005402,4,0.760725
9,273,0.005402,5,0.79896
9,298.15,0.005984,1,0.442033
9,298.15,0.005984,2,0.613069
9,298.15,0.005984,3,0.703849
9,298.15,0.005984,4,0.760127
9,298.15,0.005984,5,0.798432
9,400,0.008263,1,0.440353
9,400,0.008263,2,0.611451
9,400,0.008263,3,0.702427
9,400,0.008263,4,0.758883
9,400,0.008263,5,0.797333
9,500,0.010396,1,0.439968
9,500,0.010396,2,0.611081
9,500,0.010396,3,0.702101
9,500,0.010396,4,0.758597
9,500,0.010396,5,0.797081
9,600,0.012441,1,0.440131
9,600,0.012441,2,0.611238
9,600,0.012441,3,0.702239
9,600,0.012441,4,0.758718
9,600,0.012441,5,0.797188
9,700,0.014412,1,0.44055
9,700,0.014412,2,0.611642
9,700,0.014412,3,0.702594
9,700,0.014412,4,0.759029
9,700,0.014412,5,0.797462
10,77,0.000508,1,0.480869
10,77,0.000508,2,0.649441
10,77,0.000508,3,0.735372
10,77,0.000508,4,0.787468
10,77,0.000508,5,0.822427
10,100,0.001106,1,0.467956
10,100,0.001106,2,0.637562
10,100,0.001106,3,0.725172
10,100,0.001106,4,0.778672
10,100,0.001106,5,0.814737
10,273,0.005455,1,0.442287
10,273,0.005455,2,0.613313
10,273,0.005455,3,0.704064
10,273,0.005455,4,0.760315
10,273,0.005455,5,0.798597
10,298.15,0.006052,1,0.44138
10,298.15,0.006052,2,0.612441
10,298.15,0.006052,3,0.703297
10,298.15,0.006052,4,0.759644
10,298.15,0.006052,5,0.798005
10,400,0.008386,1,0.439474
10,400,0.008386,2,0.610603
10,400,0.008386,3,0.701681
10,400,0.008386,4,0.758229
10,400,0.008386,5,0.796756
10,500,0.010571,1,0.438968
10,500,0.010571,2,0.610115
10,500,0.010571,3,0.701251
10,500,0.010571,4,0.757853
10,500,0.010571,5,0.796423
10,600,0.012665,1,0.439064
10,600,0.012665,2,0.610208
10,600,0.012665,3,0.701332
10,600,0.012665,4,0.757924
10,600,0.012665,5,0.796486
10,700,0.014686,1,0.439431
10,700,0.014686,2,0.610562
10,700,0.014686,3,0.701644
10,700,0.014686,4,0.758197
10,700,0.014686,5,0.796728
11,77,0.000572,1,0.478461
11,77,0.000572,2,0.647242
11,77,0.000572,3,0.73349
11,77,0.000572,4,0.785849
11,77,0.000572,5,0.821014
11,100,0.001304,1,0.46224
11,100,0.001304,2,0.632235
11,100,0.001304,3,0.720569
11,100,0.001304,4,0.774686
11,100,0.001304,5,0.811243
11,273,0.007076,1,0.425363
11,273,0.007076,2,0.596849
11,273,0.007076,3,0.689508
11,273,0.007076,4,0.747533
11,273,0.007076,5,0.787286
11,298.15,0.007905,1,0.423679
11,298.15,0.007905,2,0.595189
11,298.15,0.007905,3,0.68803
11,298.15,0.007905,4,0.74623
11,298.15,0.007905,5,0.786129
11,400,0.011204,1,0.419444
11,400,0.011204,2,0.590998
11,400,0.011204,3,0.68429
11,400,0.011204,4,0.742927
11,400,0.011204,5,0.783195
11,500,0.014355,1,0.417467
11,500,0.014355,2,0.589033
11,500,0.014355,3,0.682532
11,500,0.014355,4,0.741373
11,500,0.014355,5,0.781812
11,600,0.017426,1,0.416527
11,600,0.017426,2,0.588096
11,600,0.017426,3,0.681693
11,600,0.017426,4,0.74063
11,600,0.017426,5,0.781152
11,700,0.02043,1,0.416125
11,700,0.02043,2,0.587696
11,700,0.02043,3,0.681335
11,700,0.02043,4,0.740313
11,700,0.02043,5,0.780869
12,77,-7.80E-05,1,0.502939
12,77,-7.80E-05,2,0.669274
12,77,-7.80E-05,3,0.752198
12,77,-7.80E-05,4,0.801874
12,77,-7.80E-05,5,0.83496
12,100,0.000334,1,0.490311
12,100,0.000334,2,0.657998
12,100,0.000334,3,0.742662
12,100,0.000334,4,0.793726
12,100,0.000334,5,0.82788
12,273,0.003114,1,0.466955
12,273,0.003114,2,0.636632
12,273,0.003114,3,0.724369
12,273,0.003114,4,0.777978
12,273,0.003114,5,0.814129
12,298.15,0.003476,1,0.466227
12,298.15,0.003476,2,0.635955
12,298.15,0.003476,3,0.723785
12,298.15,0.003476,4,0.777472
12,298.15,0.003476,5,0.813686
12,400,0.004847,1,0.464902
12,400,0.004847,2,0.634721
12,400,0.004847,3,0.722719
12,400,0.004847,4,0.77655
12,400,0.004847,5,0.812877
12,500,0.00608,1,0.464779
12,500,0.00608,2,0.634607
12,500,0.00608,3,0.72262
12,500,0.00608,4,0.776464
12,500,0.00608,5,0.812802
12,600,0.00722,1,0.465145
12,600,0.00722,2,0.634947
12,600,0.00722,3,0.722915
12,600,0.00722,4,0.776719
12,600,0.00722,5,0.813026
12,700,0.008284,1,0.46572
12,700,0.008284,2,0.635483
12,700,0.008284,3,0.723377
12,700,0.008284,4,0.777119
12,700,0.008284,5,0.813377
13,77,0.000327,1,0.487682
13,77,0.000327,2,0.655626
13,77,0.000327,3,0.740646
13,77,0.000327,4,0.791998
13,77,0.000327,5,0.826376
13,100,0.000874,1,0.474665
13,100,0.000874,2,0.64376
13,100,0.000874,3,0.730505
13,100,0.000874,4,0.783277
13,100,0.000874,5,0.818766
13,273,0.004696,1,0.450259
13,273,0.004696,2,0.620936
13,273,0.004696,3,0.710742
13,273,0.004696,4,0.766145
13,273,0.004696,5,0.803737
13,298.15,0.005209,1,0.449485
13,298.15,0.005209,2,0.6202
13,298.15,0.005209,3,0.710098
13,298.15,0.005209,4,0.765584
13,298.15,0.005209,5,0.803243
13,400,0.0072,1,0.447967
13,400,0.0072,2,0.618753
13,400,0.0072,3,0.708833
13,400,0.0072,4,0.764481
13,400,0.0072,5,0.802271
13,500,0.009041,1,0.447731
13,500,0.009041,2,0.618528
13,500,0.009041,3,0.708637
13,500,0.009041,4,0.76431
13,500,0.009041,5,0.80212
13,600,0.01079,1,0.448015
13,600,0.01079,2,0.618798
13,600,0.01079,3,0.708873
13,600,0.01079,4,0.764516
13,600,0.01079,5,0.802302
13,700,0.012463,1,0.448528
13,700,0.012463,2,0.619288
13,700,0.012463,3,0.709302
13,700,0.012463,4,0.76489
13,700,0.012463,5,0.802631
14,77,0.002279,1,0.414965
14,77,0.002279,2,0.586538
14,77,0.002279,3,0.680297
14,77,0.002279,4,0.739393
14,77,0.002279,5,0.780051
14,100,0.002744,1,0.421056
14,100,0.002744,2,0.592596
14,100,0.002744,3,0.685717
14,100,0.002744,4,0.744189
14,100,0.002744,5,0.784316
14,273,0.005904,1,0.437584
14,273,0.005904,2,0.608777
14,273,0.005904,3,0.700072
14,273,0.005904,4,0.75682
14,273,0.005904,5,0.79551
14,298.15,0.006318,1,0.438829
14,298.15,0.006318,2,0.60998
14,298.15,0.006318,3,0.701132
14,298.15,0.006318,4,0.757749
14,298.15,0.006318,5,0.796331
14,400,0.007899,1,0.442957
14,400,0.007899,2,0.613957
14,400,0.007899,3,0.70463
14,400,0.007899,4,0.76081
14,400,0.007899,5,0.799034
14,500,0.009332,1,0.446062
14,500,0.009332,2,0.616933
14,500,0.009332,3,0.70724
14,500,0.009332,4,0.763091
14,500,0.009332,5,0.801046
14,600,0.01067,1,0.448589
14,600,0.01067,2,0.619346
14,600,0.01067,3,0.709352
14,600,0.01067,4,0.764933
14,600,0.01067,5,0.802669
14,700,0.011928,1,0.450723
14,700,0.011928,2,0.621377
14,700,0.011928,3,0.711127
14,700,0.011928,4,0.766481
14,700,0.011928,5,0.804032
15,77,0.000211,1,0.492051
15,77,0.000211,2,0.659563
15,77,0.000211,3,0.74399
15,77,0.000211,4,0.794863
15,77,0.000211,5,0.82887
15,100,0.000726,1,0.478949
15,100,0.000726,2,0.647689
15,100,0.000726,3,0.733873
15,100,0.000726,4,0.786178
15,100,0.000726,5,0.821301
15,273,0.004308,1,0.454345
15,273,0.004308,2,0.624811
15,273,0.004308,3,0.714121
15,273,0.004308,4,0.769087
15,273,0.004308,5,0.806326
15,298.15,0.004786,1,0.453563
15,298.15,0.004786,2,0.62407
15,298.15,0.004786,3,0.713476
15,298.15,0.004786,4,0.768526
15,298.15,0.004786,5,0.805832
15,400,0.006634,1,0.452031
15,400,0.006634,2,0.622619
15,400,0.006634,3,0.71221
15,400,0.006634,4,0.767425
15,400,0.006634,5,0.804863
15,500,0.008335,1,0.451787
15,500,0.008335,2,0.622387
15,500,0.008335,3,0.712008
15,500,0.008335,4,0.767249
15,500,0.008335,5,0.804708
15,600,0.009944,1,0.452064
15,600,0.009944,2,0.622651
15,600,0.009944,3,0.712238
15,600,0.009944,4,0.767449
15,600,0.009944,5,0.804884
15,700,0.011477,1,0.452575
15,700,0.011477,2,0.623135
15,700,0.011477,3,0.71266
15,700,0.011477,4,0.767816
15,700,0.011477,5,0.805208
16,77,0.002076,1,0.422411
16,77,0.002076,2,0.593937
16,77,0.002076,3,0.686914
16,77,0.002076,4,0.745245
16,77,0.002076,5,0.785255
16,100,0.002641,1,0.423972
16,100,0.002641,2,0.595478
16,100,0.002641,3,0.688287
16,100,0.002641,4,0.746457
16,100,0.002641,5,0.786331
16,273,0.006792,1,0.428317
16,273,0.006792,2,0.599751
16,273,0.006792,3,0.692086
16,273,0.006792,4,0.749805
16,273,0.006792,5,0.789301
16,298.15,0.007364,1,0.428829
16,298.15,0.007364,2,0.600252
16,298.15,0.007364,3,0.692532
16,298.15,0.007364,4,0.750197
16,298.15,0.007364,5,0.789648
16,400,0.009605,1,0.430781
16,400,0.009605,2,0.602162
16,400,0.009605,3,0.694225
16,400,0.009605,4,0.751687
16,400,0.009605,5,0.790969
16,500,0.011701,1,0.432519
16,500,0.011701,2,0.603858
16,500,0.011701,3,0.695727
16,500,0.011701,4,0.753007
16,500,0.011701,5,0.792138
16,600,0.01371,1,0.434092
16,600,0.01371,2,0.60539
16,600,0.01371,3,0.697082
16,600,0.01371,4,0.754197
16,600,0.01371,5,0.79319
16,700,0.015644,1,0.435522
16,700,0.015644,2,0.606779
16,700,0.015644,3,0.698309
16,700,0.015644,4,0.755274
16,700,0.015644,5,0.794143
17,77,0.000413,1,0.484444
17,77,0.000413,2,0.652694
17,77,0.000413,3,0.738148
17,77,0.000413,4,0.789855
17,77,0.000413,5,0.824508
17,100,0.000982,1,0.471541
17,100,0.000982,2,0.64088
17,100,0.000982,3,0.72803
17,100,0.000982,4,0.781142
17,100,0.000982,5,0.816899
17,273,0.005147,1,0.445519
17,273,0.005147,2,0.616414
17,273,0.005147,3,0.706785
17,273,0.005147,4,0.762693
17,273,0.005147,5,0.800695
17,298.15,0.005719,1,0.444578
17,298.15,0.005719,2,0.615513
17,298.15,0.005719,3,0.705995
17,298.15,0.005719,4,0.762003
17,298.15,0.005719,5,0.800087
17,400,0.007951,1,0.442585
17,400,0.007951,2,0.6136
17,400,0.007951,3,0.704316
17,400,0.007951,4,0.760535
17,400,0.007951,5,0.798792
17,500,0.010034,1,0.44204
17,500,0.010034,2,0.613076
17,500,0.010034,3,0.703855
17,500,0.010034,4,0.760132
17,500,0.010034,5,0.798436
17,600,0.012027,1,0.442105
17,600,0.012027,2,0.613139
17,600,0.012027,3,0.703911
17,600,0.012027,4,0.760181
17,600,0.012027,5,0.798479
17,700,0.013945,1,0.442459
17,700,0.013945,2,0.613479
17,700,0.013945,3,0.70421
17,700,0.013945,4,0.760442
17,700,0.013945,5,0.79871
18,77,-1.172617,1,1
18,77,-1.172617,2,1
18,77,-1.172617,3,1
18,77,-1.172617,4,1
18,77,-1.172617,5,1
18,100,-1.172101,1,1
18,100,-1.172101,2,1
18,100,-1.172101,3,1
18,100,-1.172101,4,1
18,100,-1.172101,5,1
18,273,-1.168523,1,1
18,273,-1.168523,2,1
18,273,-1.168523,3,1
18,273,-1.168523,4,1
18,273,-1.168523,5,1
18,298.15,-1.168047,1,1
18,298.15,-1.168047,2,1
18,298.15,-1.168047,3,1
18,298.15,-1.168047,4,1
18,298.15,-1.168047,5,1
18,400,-1.166204,1,1
18,400,-1.166204,2,1
18,400,-1.166204,3,1
18,400,-1.166204,4,1
18,400,-1.166204,5,1
18,500,-1.164507,1,1
18,500,-1.164507,2,1
18,500,-1.164507,3,1
18,500,-1.164507,4,1
18,500,-1.164507,5,1
18,600,-1.162903,1,1
18,600,-1.162903,2,1
18,600,-1.162903,3,1
18,600,-1.162903,4,1
18,600,-1.162903,5,1
18,700,-1.161374,1,1
18,700,-1.161374,2,1
18,700,-1.161374,3,1
18,700,-1.161374,4,1
18,700,-1.161374,5,1
19,77,1.20E-05,1,0.499548
19,77,1.20E-05,2,0.666265
19,77,1.20E-05,3,0.749661
19,77,1.20E-05,4,0.79971
19,77,1.20E-05,5,0.833082
19,100,0.000714,1,0.479297
19,100,0.000714,2,0.648006
19,100,0.000714,3,0.734144
19,100,0.000714,4,0.786413
19,100,0.000714,5,0.821505
19,273,0.006314,1,0.433299
19,273,0.006314,2,0.604618
19,273,0.006314,3,0.696399
19,273,0.006314,4,0.753598
19,273,0.006314,5,0.79266
19,298.15,0.007125,1,0.431109
19,298.15,0.007125,2,0.602482
19,298.15,0.007125,3,0.694509
19,298.15,0.007125,4,0.751936
19,298.15,0.007125,5,0.791189
19,400,0.010351,1,0.425482
19,400,0.010351,2,0.596966
19,400,0.010351,3,0.689612
19,400,0.010351,4,0.747625
19,400,0.010351,5,0.787368
19,500,0.013436,1,0.422664
19,500,0.013436,2,0.594186
19,500,0.013436,3,0.687136
19,500,0.013436,4,0.745441
19,500,0.013436,5,0.785429
19,600,0.016443,1,0.421155
19,600,0.016443,2,0.592694
19,600,0.016443,3,0.685805
19,600,0.016443,4,0.744266
19,600,0.016443,5,0.784385
19,700,0.019384,1,0.420345
19,700,0.019384,2,0.591891
19,700,0.019384,3,0.685088
19,700,0.019384,4,0.743633
19,700,0.019384,5,0.783822
20,77,-0.061979,1,0.999912
20,77,-0.061979,2,0.999956
20,77,-0.061979,3,0.999971
20,77,-0.061979,4,0.999978
20,77,-0.061979,5,0.999982
20,100,-0.061339,1,0.999191
20,100,-0.061339,2,0.999595
20,100,-0.061339,3,0.99973
20,100,-0.061339,4,0.999798
20,100,-0.061339,5,0.999838
20,273,-0.056594,1,0.917265
20,273,-0.056594,2,0.956847
20,273,-0.056594,3,0.970812
20,273,-0.056594,4,0.977948
20,273,-0.056594,5,0.98228
20,298.15,-0.055936,1,0.898184
20,298.15,-0.055936,2,0.946362
20,298.15,-0.055936,3,0.96359
20,298.15,-0.055936,4,0.972442
20,298.15,-0.055936,5,0.977831
20,400,-0.053357,1,0.824627
20,400,-0.053357,2,0.903886
20,400,-0.053357,3,0.933803
20,400,-0.053357,4,0.949517
20,400,-0.053357,5,0.959201
20,500,-0.050937,1,0.765351
20,500,-0.050937,2,0.867081
20,500,-0.050937,3,0.907279
20,500,-0.050937,4,0.928809
20,500,-0.050937,5,0.942225
20,600,-0.048605,1,0.71912
20,600,-0.048605,2,0.836614
20,600,-0.048605,3,0.884802
20,600,-0.048605,4,0.911039
20,600,-0.048605,5,0.927542
20,700,-0.046348,1,0.683171
20,700,-0.046348,2,0.811766
20,700,-0.046348,3,0.86611
20,700,-0.046348,4,0.896105
20,700,-0.046348,5,0.91512
21,77,0.000617,1,0.476769
21,77,0.000617,2,0.645692
21,77,0.000617,3,0.732162
21,77,0.000617,4,0.784706
21,77,0.000617,5,0.820015
21,100,0.001259,1,0.463538
21,100,0.001259,2,0.633449
21,100,0.001259,3,0.721619
21,100,0.001259,4,0.775597
21,100,0.001259,5,0.812042
21,273,0.005985,1,0.436737
21,273,0.005985,2,0.607957
21,273,0.005985,3,0.699348
21,273,0.005985,4,0.756185
21,273,0.005985,5,0.794949
21,298.15,0.00664,1,0.435745
21,298.15,0.00664,2,0.606995
21,298.15,0.00664,3,0.698499
21,298.15,0.00664,4,0.755441
21,298.15,0.00664,5,0.794291
21,400,0.009208,1,0.433608
21,400,0.009208,2,0.604918
21,400,0.009208,3,0.696665
21,400,0.009208,4,0.753831
21,400,0.009208,5,0.792867
21,500,0.011622,1,0.432969
21,500,0.011622,2,0.604297
21,500,0.011622,3,0.696115
21,500,0.011622,4,0.753348
21,500,0.011622,5,0.792439
21,600,0.013948,1,0.432962
21,600,0.013948,2,0.604289
21,600,0.013948,3,0.696109
21,600,0.013948,4,0.753342
21,600,0.013948,5,0.792434
21,700,0.0162,1,0.433258
21,700,0.0162,2,0.604578
21,700,0.0162,3,0.696363
21,700,0.0162,4,0.753566
21,700,0.0162,5,0.792632
22,77,0.086168,1,2.00E-06
22,77,0.086168,2,5.00E-06
22,77,0.086168,3,7.00E-06
22,77,0.086168,4,9.00E-06
22,77,0.086168,5,1.10E-05
22,100,0.086816,1,4.20E-05
22,100,0.086816,2,8.40E-05
22,100,0.086816,3,0.000126
22,100,0.086816,4,0.000168
22,100,0.086816,5,0.000211
22,273,0.091695,1,0.019882
22,273,0.091695,2,0.038989
22,273,0.091695,3,0.057365
22,273,0.091695,4,0.075051
22,273,0.091695,5,0.092086
22,298.15,0.092366,1,0.026722
22,298.15,0.092366,2,0.052053
22,298.15,0.092366,3,0.076099
22,298.15,0.092366,4,0.098955
22,298.15,0.092366,5,0.120708
22,400,0.094982,1,0.059768
22,400,0.094982,2,0.112794
22,400,0.094982,3,0.160159
22,400,0.094982,4,0.202723
22,400,0.094982,5,0.24118
22,500,0.097421,1,0.094393
22,500,0.097421,2,0.172503
22,500,0.097421,3,0.238209
22,500,0.097421,4,0.294248
22,500,0.097421,5,0.342607
22,600,0.099755,1,0.126815
22,600,0.099755,2,0.225085
22,600,0.099755,3,0.303474
22,600,0.099755,4,0.36746
22,600,0.099755,5,0.42068
22,700,0.102002,1,0.155639
22,700,0.102002,2,0.269355
22,700,0.102002,3,0.356077
22,700,0.102002,4,0.424397
22,700,0.102002,5,0.47961
23,77,-0.073221,1,0.999984
23,77,-0.073221,2,0.999992
23,77,-0.073221,3,0.999995
23,77,-0.073221,4,0.999996
23,77,-0.073221,5,0.999997
23,100,-0.072813,1,0.999786
23,100,-0.072813,2,0.999893
23,100,-0.072813,3,0.999929
23,100,-0.072813,4,0.999947
23,100,-0.072813,5,0.999957
23,273,-0.070422,1,0.952283
23,273,-0.070422,2,0.975558
23,273,-0.070422,3,0.983572
23,273,-0.070422,4,0.987628
23,273,-0.070422,5,0.990078
23,298.15,-0.070161,1,0.938825
23,298.15,-0.070161,2,0.968447
23,298.15,-0.070161,3,0.978741
23,298.15,-0.070161,4,0.983971
23,298.15,-0.070161,5,0.987135
23,400,-0.069273,1,0.88182
23,400,-0.069273,2,0.937199
23,400,-0.069273,3,0.957237
23,400,-0.069273,4,0.967582
23,400,-0.069273,5,0.973896
23,500,-0.068617,1,0.830981
23,500,-0.068617,2,0.907689
23,500,-0.068617,3,0.936506
23,500,-0.068617,4,0.951611
23,500,-0.068617,5,0.960911
23,600,-0.068129,1,0.788803
23,600,-0.068129,2,0.881934
23,600,-0.068129,3,0.918065
23,600,-0.068129,4,0.937263
23,600,-0.068129,5,0.949173
23,700,-0.067775,1,0.754658
23,700,-0.067775,2,0.860176
23,700,-0.067775,3,0.902227
23,700,-0.067775,4,0.924833
23,700,-0.067775,5,0.938949
24,77,-0.114951,1,1
24,77,-0.114951,2,1
24,77,-0.114951,3,1
24,77,-0.114951,4,1
24,77,-0.114951,5,1
24,100,-0.114562,1,0.999998
24,100,-0.114562,2,0.999999
24,100,-0.114562,3,0.999999
24,100,-0.114562,4,1
24,100,-0.114562,5,1
24,273,-0.111747,1,0.991425
24,273,-0.111747,2,0.995694
24,273,-0.111747,3,0.997125
24,273,-0.111747,4,0.997842
24,273,-0.111747,5,0.998273
24,298.15,-0.111506,1,0.987133
24,298.15,-0.111506,2,0.993525
24,298.15,-0.111506,3,0.995674
24,298.15,-0.111506,4,0.996752
24,298.15,-0.111506,5,0.9974
24,400,-0.110504,1,0.961059
24,400,-0.110504,2,0.980143
24,400,-0.110504,3,0.986674
24,400,-0.110504,4,0.989972
24,400,-0.110504,5,0.991961
24,500,-0.109819,1,0.927499
24,500,-0.109819,2,0.962386
24,500,-0.109819,3,0.974606
24,500,-0.109819,4,0.980833
24,500,-0.109819,5,0.984607
24,600,-0.109416,1,0.892476
24,600,-0.109416,2,0.943183
24,600,-0.109416,3,0.961391
24,600,-0.109416,4,0.970761
24,600,-0.109416,5,0.976471
24,700,-0.109055,1,0.859116
24,700,-0.109055,2,0.92422
24,700,-0.109055,3,0.948171
24,700,-0.109055,4,0.960618
24,700,-0.109055,5,0.968244
25,77,-0.095727,1,0.999999
25,77,-0.095727,2,1
25,77,-0.095727,3,1
25,77,-0.095727,4,1
25,77,-0.095727,5,1
25,100,-0.09524,1,0.999984
25,100,-0.09524,2,0.999992
25,100,-0.09524,3,0.999995
25,100,-0.09524,4,0.999996
25,100,-0.09524,5,0.999997
25,273,-0.092946,1,0.981128
25,273,-0.092946,2,0.990474
25,273,-0.092946,3,0.993629
25,273,-0.092946,4,0.995214
25,273,-0.092946,5,0.996168
25,298.15,-0.092778,1,0.973692
25,298.15,-0.092778,2,0.986671
25,298.15,-0.092778,3,0.991074
25,298.15,-0.092778,4,0.993291
25,298.15,-0.092778,5,0.994625
25,400,-0.092026,1,0.935227
25,400,-0.092026,2,0.966529
25,400,-0.092026,3,0.977434
25,400,-0.092026,4,0.98298
25,400,-0.092026,5,0.986337
25,500,-0.091682,1,0.893589
25,500,-0.091682,2,0.943804
25,500,-0.091682,3,0.961821
25,500,-0.091682,4,0.97109
25,500,-0.091682,5,0.976737
25,600,-0.091387,1,0.854155
25,600,-0.091387,2,0.921342
25,600,-0.091387,3,0.946149
25,600,-0.091387,4,0.959061
25,600,-0.091387,5,0.966978
25,700,-0.091488,1,0.820057
25,700,-0.091488,2,0.901134
25,700,-0.091488,3,0.931843
25,700,-0.091488,4,0.947996
25,700,-0.091488,5,0.95796
26,77,0.001568,1,0.441194
26,77,0.001568,2,0.612261
26,77,0.001568,3,0.703139
26,77,0.001568,4,0.759506
26,77,0.001568,5,0.797884
26,100,0.002027,1,0.441462
26,100,0.002027,2,0.612519
26,100,0.002027,3,0.703366
26,100,0.002027,4,0.759705
26,100,0.002027,5,0.798059
26,273,0.005157,1,0.445414
26,273,0.005157,2,0.616313
26,273,0.005157,3,0.706696
26,273,0.005157,4,0.762616
26,273,0.005157,5,0.800627
26,298.15,0.00557,1,0.446011
26,298.15,0.00557,2,0.616884
26,298.15,0.00557,3,0.707197
26,298.15,0.00557,4,0.763053
26,298.15,0.00557,5,0.801013
26,400,0.007161,1,0.448247
26,400,0.007161,2,0.61902
26,400,0.007161,3,0.709066
26,400,0.007161,4,0.764685
26,400,0.007161,5,0.80245
26,500,0.008615,1,0.450177
26,500,0.008615,2,0.620858
26,500,0.008615,3,0.710674
26,500,0.008615,4,0.766086
26,500,0.008615,5,0.803685
26,600,0.009982,1,0.451882
26,600,0.009982,2,0.622478
26,600,0.009982,3,0.712088
26,600,0.009982,4,0.767318
26,600,0.009982,5,0.804769
26,700,0.011278,1,0.453393
26,700,0.011278,2,0.623909
26,700,0.011278,3,0.713336
26,700,0.011278,4,0.768404
26,700,0.011278,5,0.805725
27,77,-0.025259,1,0.978266
27,77,-0.025259,2,0.989013
27,77,-0.025259,3,0.992649
27,77,-0.025259,4,0.994476
27,77,-0.025259,5,0.995576
27,100,-0.024561,1,0.945334
27,100,-0.024561,2,0.971899
27,100,-0.024561,3,0.981089
27,100,-0.024561,4,0.985749
27,100,-0.024561,5,0.988567
27,273,-0.019453,1,0.695705
27,273,-0.019453,2,0.82055
27,273,-0.019453,3,0.872755
27,273,-0.019453,4,0.901431
27,273,-0.019453,5,0.919559
27,298.15,-0.018755,1,0.674806
27,298.15,-0.018755,2,0.805832
27,298.15,-0.018755,3,0.861597
27,298.15,-0.018755,4,0.892477
27,298.15,-0.018755,5,0.912091
27,400,-0.016032,1,0.61423
27,400,-0.016032,2,0.761019
27,400,-0.016032,3,0.826889
27,400,-0.016032,4,0.864294
27,400,-0.016032,5,0.888406
27,500,-0.013487,1,0.577625
27,500,-0.013487,2,0.732272
27,500,-0.013487,3,0.804025
27,500,-0.013487,4,0.845447
27,500,-0.013487,5,0.872414
27,600,-0.011045,1,0.553205
27,600,-0.011045,2,0.71234
27,600,-0.011045,3,0.787888
27,600,-0.011045,4,0.832008
27,600,-0.011045,5,0.860934
27,700,-0.008683,1,0.535926
27,700,-0.008683,2,0.697854
27,700,-0.008683,3,0.77601
27,700,-0.008683,4,0.822042
27,700,-0.008683,5,0.85238
28,77,-0.107711,1,1
28,77,-0.107711,2,1
28,77,-0.107711,3,1
28,77,-0.107711,4,1
28,77,-0.107711,5,1
28,100,-0.107131,1,0.999996
28,100,-0.107131,2,0.999998
28,100,-0.107131,3,0.999999
28,100,-0.107131,4,0.999999
28,100,-0.107131,5,0.999999
28,273,-0.10332,1,0.987776
28,273,-0.10332,2,0.99385
28,273,-0.10332,3,0.995892
28,273,-0.10332,4,0.996916
28,273,-0.10332,5,0.997531
28,298.15,-0.102861,1,0.982079
28,298.15,-0.102861,2,0.990958
28,298.15,-0.102861,3,0.993954
28,298.15,-0.102861,4,0.995459
28,298.15,-0.102861,5,0.996364
28,400,-0.101204,1,0.949606
28,400,-0.101204,2,0.974152
28,400,-0.101204,3,0.982618
28,400,-0.101204,4,0.986907
28,400,-0.101204,5,0.989498
28,500,-0.099841,1,0.9103
28,500,-0.099841,2,0.953044
28,500,-0.099841,3,0.968198
28,500,-0.099841,4,0.975958
28,500,-0.099841,5,0.980673
28,600,-0.098684,1,0.870874
28,600,-0.098684,2,0.930981
28,600,-0.098684,3,0.952904
28,600,-0.098684,4,0.964257
28,600,-0.098684,5,0.9712
28,700,-0.097693,1,0.834741
28,700,-0.097693,2,0.909928
28,700,-0.097693,3,0.938093
28,700,-0.097693,4,0.95284
28,700,-0.097693,5,0.961913
29,77,-0.015048,1,0.906187
29,77,-0.015048,2,0.950785
29,77,-0.015048,3,0.966643
29,77,-0.015048,4,0.974772
29,77,-0.015048,5,0.979715
29,100,-0.0145,1,0.843264
29,100,-0.0145,2,0.914968
29,100,-0.0145,3,0.941659
29,100,-0.0145,4,0.955596
29,100,-0.0145,5,0.964159
29,273,-0.010585,1,0.610629
29,273,-0.010585,2,0.758249
29,273,-0.010585,3,0.824707
29,273,-0.010585,4,0.862505
29,273,-0.010585,5,0.886894
29,298.15,-0.010058,1,0.596641
29,298.15,-0.010058,2,0.747371
29,298.15,-0.010058,3,0.816094
29,298.15,-0.010058,4,0.855423
29,298.15,-0.010058,5,0.880894
29,400,-0.008008,1,0.557823
29,400,-0.008008,2,0.716157
29,400,-0.008008,3,0.790997
29,400,-0.008008,4,0.834606
29,400,-0.008008,5,0.863158
29,500,-0.006111,1,0.5354
29,500,-0.006111,2,0.697408
29,500,-0.006111,3,0.775642
29,500,-0.006111,4,0.821733
29,500,-0.006111,5,0.852113
29,600,-0.004309,1,0.520824
29,600,-0.004309,2,0.684923
29,600,-0.004309,3,0.765299
29,600,-0.004309,4,0.813002
29,600,-0.004309,5,0.84459
29,700,-0.002584,1,0.510708
29,700,-0.002584,2,0.676118
29,700,-0.002584,3,0.757946
29,700,-0.002584,4,0.806766
29,700,-0.002584,5,0.839199
30,77,0.279261,1,0
30,77,0.279261,2,0
30,77,0.279261,3,0
30,77,0.279261,4,0
30,77,0.279261,5,0
30,100,0.279993,1,0
30,100,0.279993,2,0
30,100,0.279993,3,0
30,100,0.279993,4,0
30,100,0.279993,5,0
30,273,0.285944,1,5.00E-06
30,273,0.285944,2,1.10E-05
30,273,0.285944,3,1.60E-05
30,273,0.285944,4,2.10E-05
30,273,0.285944,5,2.60E-05
30,298.15,0.28681,1,1.40E-05
30,298.15,0.28681,2,2.80E-05
30,298.15,0.28681,3,4.30E-05
30,298.15,0.28681,4,5.70E-05
30,298.15,0.28681,5,7.10E-05
30,400,0.290263,1,0.00022
30,400,0.290263,2,0.00044
30,400,0.290263,3,0.00066
30,400,0.290263,4,0.00088
30,400,0.290263,5,0.0011
30,500,0.293568,1,0.001097
30,500,0.293568,2,0.002192
30,500,0.293568,3,0.003285
30,500,0.293568,4,0.004375
30,500,0.293568,5,0.005463
30,600,0.296797,1,0.003203
30,600,0.296797,2,0.006385
30,600,0.296797,3,0.009547
30,600,0.296797,4,0.012689
30,600,0.296797,5,0.015811
30,700,0.299961,1,0.006875
30,700,0.299961,2,0.013657
30,700,0.299961,3,0.020346
30,700,0.299961,4,0.026946
30,700,0.299961,5,0.033457
31,77,-0.009798,1,0.814073
31,77,-0.009798,2,0.897508
31,77,-0.009798,3,0.929255
31,77,-0.009798,4,0.945986
31,77,-0.009798,5,0.956317
31,100,-0.009203,1,0.744217
31,100,-0.009203,2,0.853354
31,100,-0.009203,3,0.897211
31,100,-0.009203,4,0.920875
31,100,-0.009203,5,0.935682
31,273,-0.004951,1,0.552422
31,273,-0.004951,2,0.711691
31,273,-0.004951,3,0.787358
31,273,-0.004951,4,0.831565
31,273,-0.004951,5,0.860554
31,298.15,-0.004375,1,0.54247
31,298.15,-0.004375,2,0.703378
31,298.15,-0.004375,3,0.780555
31,298.15,-0.004375,4,0.825863
31,298.15,-0.004375,5,0.855663
31,400,-0.002131,1,0.515451
31,400,-0.002131,2,0.680261
31,400,-0.002131,3,0.761412
31,400,-0.002131,4,0.809709
31,400,-0.002131,5,0.841744
31,500,-4.40E-05,1,0.500255
31,500,-4.40E-05,2,0.666894
31,500,-4.40E-05,3,0.750191
31,500,-4.40E-05,4,0.800163
31,500,-4.40E-05,5,0.833475
31,600,0.001948,1,0.490582
31,600,0.001948,2,0.658242
31,600,0.001948,3,0.742869
31,600,0.001948,4,0.793903
31,600,0.001948,5,0.828034
31,700,0.003863,1,0.483995
31,700,0.003863,2,0.652286
31,700,0.003863,3,0.737801
31,700,0.003863,4,0.789556
31,700,0.003863,5,0.824248
32,77,-0.072868,1,0.999983
32,77,-0.072868,2,0.999991
32,77,-0.072868,3,0.999994
32,77,-0.072868,4,0.999996
32,77,-0.072868,5,0.999997
32,100,-0.072275,1,0.999772
32,100,-0.072275,2,0.999886
32,100,-0.072275,3,0.999924
32,100,-0.072275,4,0.999943
32,100,-0.072275,5,0.999954
32,273,-0.066829,1,0.944843
32,273,-0.066829,2,0.971639
32,273,-0.066829,3,0.980912
32,273,-0.066829,4,0.985616
32,273,-0.066829,5,0.988459
32,298.15,-0.066064,1,0.929
32,298.15,-0.066064,2,0.963193
32,298.15,-0.066064,3,0.975157
32,298.15,-0.066064,4,0.981252
32,298.15,-0.066064,5,0.984945
32,400,-0.06314,1,0.861981
32,400,-0.06314,2,0.925875
32,400,-0.06314,3,0.949332
32,400,-0.06314,4,0.961511
32,400,-0.06314,5,0.96897
32,500,-0.06049,1,0.802813
32,500,-0.06049,2,0.890623
32,500,-0.06049,3,0.924323
32,500,-0.06049,4,0.942147
32,500,-0.06049,5,0.953176
32,600,-0.057938,1,0.754103
32,600,-0.057938,2,0.859816
32,600,-0.057938,3,0.901963
32,600,-0.057938,4,0.924625
32,600,-0.057938,5,0.938777
32,700,-0.055568,1,0.715294
32,700,-0.055568,2,0.834019
32,700,-0.055568,3,0.882865
32,700,-0.055568,4,0.909499
32,700,-0.055568,5,0.926264
33,77,-0.018494,1,0.941986
33,77,-0.018494,2,0.970126
33,77,-0.018494,3,0.979884
33,77,-0.018494,4,0.984837
33,77,-0.018494,5,0.987832
33,100,-0.017896,1,0.88863
33,100,-0.017896,2,0.941031
33,100,-0.017896,3,0.959899
33,100,-0.017896,4,0.96962
33,100,-0.017896,5,0.975547
33,273,-0.013243,1,0.637134
33,273,-0.013243,2,0.778353
33,273,-0.013243,3,0.840447
33,273,-0.013243,4,0.875364
33,273,-0.013243,5,0.897742
33,298.15,-0.012594,1,0.620153
33,298.15,-0.012594,2,0.765549
33,298.15,-0.012594,3,0.830449
33,298.15,-0.012594,4,0.867208
33,298.15,-0.012594,5,0.890868
33,400,-0.010185,1,0.57334
33,400,-0.010185,2,0.728819
33,400,-0.010185,3,0.801247
33,400,-0.010185,4,0.843141
33,400,-0.010185,5,0.870448
33,500,-0.00785,1,0.545424
33,500,-0.00785,2,0.705857
33,500,-0.00785,3,0.782588
33,500,-0.00785,4,0.827569
33,500,-0.00785,5,0.857128
33,600,-0.005702,1,0.527544
33,600,-0.005702,2,0.690708
33,600,-0.005702,3,0.770104
33,600,-0.005702,4,0.817064
33,600,-0.005702,5,0.848093
33,700,-0.003512,1,0.514552
33,700,-0.003512,2,0.679477
33,700,-0.003512,3,0.760757
33,700,-0.003512,4,0.809153
33,700,-0.003512,5,0.841264
34,77,-0.047845,1,0.999262
34,77,-0.047845,2,0.999631
34,77,-0.047845,3,0.999754
34,77,-0.047845,4,0.999815
34,77,-0.047845,5,0.999852
34,100,-0.047398,1,0.995932
34,100,-0.047398,2,0.997962
34,100,-0.047398,3,0.99864
34,100,-0.047398,4,0.99898
34,100,-0.047398,5,0.999184
34,273,-0.044747,1,0.870135
34,273,-0.044747,2,0.930558
34,273,-0.044747,3,0.952609
34,273,-0.044747,4,0.96403
34,273,-0.044747,5,0.971016
34,298.15,-0.044445,1,0.849405
34,298.15,-0.044445,2,0.918571
34,298.15,-0.044445,3,0.9442
34,298.15,-0.044445,4,0.957558
34,298.15,-0.044445,5,0.965755
34,400,-0.043364,1,0.778698
34,400,-0.043364,2,0.875582
34,400,-0.043364,3,0.913466
34,400,-0.043364,4,0.933664
34,400,-0.043364,5,0.946218
34,500,-0.04247,1,0.728243
34,500,-0.04247,2,0.842755
34,500,-0.04247,3,0.889372
34,500,-0.04247,4,0.914669
34,500,-0.04247,5,0.93055
34,600,-0.041694,1,0.691348
34,600,-0.041694,2,0.817511
34,600,-0.041694,3,0.870461
34,600,-0.041694,4,0.899594
34,600,-0.041694,5,0.918029
34,700,-0.041004,1,0.663691
34,700,-0.041004,2,0.797854
34,700,-0.041004,3,0.855499
34,700,-0.041004,4,0.887562
34,700,-0.041004,5,0.907981
35,77,-0.061731,1,0.999909
35,77,-0.061731,2,0.999954
35,77,-0.061731,3,0.99997
35,77,-0.061731,4,0.999977
35,77,-0.061731,5,0.999982
35,100,-0.061306,1,0.999187
35,100,-0.061306,2,0.999594
35,100,-0.061306,3,0.999729
35,100,-0.061306,4,0.999797
35,100,-0.061306,5,0.999837
35,273,-0.058882,1,0.924353
35,273,-0.058882,2,0.96069
35,273,-0.058882,3,0.973445
35,273,-0.058882,4,0.979951
35,273,-0.058882,5,0.983896
35,298.15,-0.058615,1,0.907332
35,298.15,-0.058615,2,0.951415
35,298.15,-0.058615,3,0.967077
35,298.15,-0.058615,4,0.975103
35,298.15,-0.058615,5,0.979982
35,400,-0.057672,1,0.842003
35,400,-0.057672,2,0.914225
35,400,-0.057672,3,0.941134
35,400,-0.057672,4,0.955191
35,400,-0.057672,5,0.963829
35,500,-0.056907,1,0.789316
35,500,-0.056907,2,0.882254
35,500,-0.056907,3,0.918296
35,500,-0.056907,4,0.937444
35,500,-0.056907,5,0.949321
35,600,-0.056255,1,0.748017
35,600,-0.056255,2,0.855846
35,600,-0.056255,3,0.899046
35,600,-0.056255,4,0.922324
35,600,-0.056255,5,0.936879
35,700,-0.055684,1,0.715685
35,700,-0.055684,2,0.834285
35,700,-0.055684,3,0.883064
35,700,-0.055684,4,0.909657
35,700,-0.055684,5,0.926396
36,77,-0.057445,1,0.999826
36,77,-0.057445,2,0.999913
36,77,-0.057445,3,0.999942
36,77,-0.057445,4,0.999957
36,77,-0.057445,5,0.999965
36,100,-0.056927,1,0.99865
36,100,-0.056927,2,0.999325
36,100,-0.056927,3,0.99955
36,100,-0.056927,4,0.999662
36,100,-0.056927,5,0.99973
36,273,-0.05354,1,0.906864
36,273,-0.05354,2,0.951158
36,273,-0.05354,3,0.966899
36,273,-0.05354,4,0.974967
36,273,-0.05354,5,0.979873
36,298.15,-0.053065,1,0.887501
36,298.15,-0.053065,2,0.940398
36,298.15,-0.053065,3,0.95946
36,298.15,-0.053065,4,0.969283
36,298.15,-0.053065,5,0.975275
36,400,-0.051543,1,0.816885
36,400,-0.051543,2,0.899215
36,400,-0.051543,3,0.930474
36,400,-0.051543,4,0.946933
36,400,-0.051543,5,0.957091
36,500,-0.050175,1,0.76216
36,500,-0.050175,2,0.865029
36,500,-0.050175,3,0.905781
36,500,-0.050175,4,0.927631
36,500,-0.050175,5,0.941254
36,600,-0.049053,1,0.720867
36,600,-0.049053,2,0.837795
36,600,-0.049053,3,0.885682
36,600,-0.049053,4,0.911739
36,600,-0.049053,5,0.928123
36,700,-0.048106,1,0.689445
36,700,-0.048106,2,0.816179
36,700,-0.048106,3,0.869454
36,700,-0.048106,4,0.898787
36,700,-0.048106,5,0.917357
37,77,-0.018191,1,0.939439
37,77,-0.018191,2,0.968774
37,77,-0.018191,3,0.978964
37,77,-0.018191,4,0.984139
37,77,-0.018191,5,0.987271
37,100,-0.017704,1,0.886406
37,100,-0.017704,2,0.939783
37,100,-0.017704,3,0.959033
37,100,-0.017704,4,0.968957
37,100,-0.017704,5,0.97501
37,273,-0.014504,1,0.649434
37,273,-0.014504,2,0.787463
37,273,-0.014504,3,0.847505
37,273,-0.014504,4,0.881096
37,273,-0.014504,5,0.902559
37,298.15,-0.014101,1,0.63387
37,298.15,-0.014101,2,0.775913
37,298.15,-0.014101,3,0.838549
37,298.15,-0.014101,4,0.873818
37,298.15,-0.014101,5,0.896441
37,400,-0.01259,1,0.590315
37,400,-0.01259,2,0.742387
37,400,-0.01259,3,0.812125
37,400,-0.01259,4,0.85215
37,400,-0.01259,5,0.878115
37,500,-0.011247,1,0.564892
37,500,-0.011247,2,0.721957
37,500,-0.011247,3,0.795704
37,500,-0.011247,4,0.838531
37,500,-0.011247,5,0.866514
37,600,-0.010011,1,0.548257
37,600,-0.010011,2,0.708224
37,600,-0.010011,3,0.784526
37,600,-0.010011,4,0.829194
37,600,-0.010011,5,0.858522
37,700,-0.008855,1,0.536635
37,700,-0.008855,2,0.698455
37,700,-0.008855,3,0.776505
37,700,-0.008855,4,0.822459
37,700,-0.008855,5,0.852738
38,77,-0.024847,1,0.976905
38,77,-0.024847,2,0.988318
38,77,-0.024847,3,0.992181
38,77,-0.024847,4,0.994125
38,77,-0.024847,5,0.995294
38,100,-0.024177,1,0.942985
38,100,-0.024177,2,0.970656
38,100,-0.024177,3,0.980244
38,100,-0.024177,4,0.985109
38,100,-0.024177,5,0.988052
38,273,-0.019236,1,0.693749
38,273,-0.019236,2,0.819187
38,273,-0.019236,3,0.871727
38,273,-0.019236,4,0.900608
38,273,-0.019236,5,0.918874
38,298.15,-0.018554,1,0.673087
38,298.15,-0.018554,2,0.804605
38,298.15,-0.018554,3,0.860661
38,298.15,-0.018554,4,0.891724
38,298.15,-0.018554,5,0.911462
38,400,-0.015882,1,0.613198
38,400,-0.015882,2,0.760227
38,400,-0.015882,3,0.826265
38,400,-0.015882,4,0.863783
38,400,-0.015882,5,0.887974
38,500,-0.013372,1,0.576974
38,500,-0.013372,2,0.731748
38,500,-0.013372,3,0.803604
38,500,-0.013372,4,0.845098
38,500,-0.013372,5,0.872116
38,600,-0.010953,1,0.552765
38,600,-0.010953,2,0.711975
38,600,-0.010953,3,0.78759
38,600,-0.010953,4,0.831759
38,600,-0.010953,5,0.86072
38,700,-0.008607,1,0.535612
38,700,-0.008607,2,0.697588
38,700,-0.008607,3,0.775791
38,700,-0.008607,4,0.821858
38,700,-0.008607,5,0.852221
39,77,-0.01209,1,0.860822
39,77,-0.01209,2,0.925206
39,77,-0.01209,3,0.948862
39,77,-0.01209,4,0.96115
39,77,-0.01209,5,0.968677
39,100,-0.011461,1,0.790848
39,100,-0.011461,2,0.883211
39,100,-0.011461,3,0.918987
39,100,-0.011461,4,0.937984
39,100,-0.011461,5,0.949764
39,273,-0.006913,1,0.572942
39,273,-0.006913,2,0.728497
39,273,-0.006913,3,0.800987
39,273,-0.006913,4,0.842926
39,273,-0.006913,5,0.870265
39,298.15,-0.006291,1,0.560912
39,298.15,-0.006291,2,0.718698
39,298.15,-0.006291,3,0.793061
39,298.15,-0.006291,4,0.836329
39,298.15,-0.006291,5,0.864632
39,400,-0.003856,1,0.527939
39,400,-0.003856,2,0.691047
39,400,-0.003856,3,0.770385
39,400,-0.003856,4,0.817301
39,400,-0.003856,5,0.848297
39,500,-0.001576,1,0.509144
39,500,-0.001576,2,0.674745
39,500,-0.001576,3,0.756796
39,500,-0.001576,4,0.805788
39,500,-0.001576,5,0.838352
39,600,0.000612,1,0.497041
39,600,0.000612,2,0.664031
39,600,0.000612,3,0.747774
39,600,0.000612,4,0.798099
39,600,0.000612,5,0.831683
39,700,0.002725,1,0.488708
39,700,0.002725,2,0.656553
39,700,0.002725,3,0.741434
39,700,0.002725,4,0.792674
39,700,0.002725,5,0.826964
40,77,-0.036792,1,0.996109
40,77,-0.036792,2,0.99805
40,77,-0.036792,3,0.998699
40,77,-0.036792,4,0.999024
40,77,-0.036792,5,0.999219
40,100,-0.036187,1,0.985219
40,100,-0.036187,2,0.992554
40,100,-0.036187,3,0.995024
40,100,-0.036187,4,0.996263
40,100,-0.036187,5,0.997008
40,273,-0.032102,1,0.79651
40,273,-0.032102,2,0.886731
40,273,-0.032102,3,0.921524
40,273,-0.032102,4,0.939965
40,273,-0.032102,5,0.951389
40,298.15,-0.031576,1,0.773651
40,298.15,-0.031576,2,0.872382
40,298.15,-0.031576,3,0.911141
40,298.15,-0.031576,4,0.931842
40,298.15,-0.031576,5,0.94472
40,400,-0.029569,1,0.702215
40,400,-0.029569,2,0.82506
40,400,-0.029569,3,0.876152
40,400,-0.029569,4,0.904146
40,400,-0.029569,5,0.921818
40,500,-0.02775,1,0.655674
40,500,-0.02775,2,0.792033
40,500,-0.02775,3,0.851028
40,500,-0.02775,4,0.883949
40,500,-0.02775,5,0.904953
40,600,-0.026037,1,0.623304
40,600,-0.026037,2,0.767945
40,600,-0.026037,3,0.832327
40,600,-0.026037,4,0.868743
40,600,-0.026037,5,0.892164
40,700,-0.024408,1,0.599804
40,700,-0.024408,2,0.749847
40,700,-0.024408,3,0.81806
40,700,-0.024408,4,0.857043
40,700,-0.024408,5,0.882268
41,77,0.645171,1,0
41,77,0.645171,2,0
41,77,0.645171,3,0
41,77,0.645171,4,0
41,77,0.645171,5,0
41,100,0.645891,1,0
41,100,0.645891,2,0
41,100,0.645891,3,0
41,100,0.645891,4,0
41,100,0.645891,5,0
41,273,0.65241,1,0
41,273,0.65241,2,0
41,273,0.65241,3,0
41,273,0.65241,4,0
41,273,0.65241,5,0
41,298.15,0.653373,1,0
41,298.15,0.653373,2,0
41,298.15,0.653373,3,0
41,298.15,0.653373,4,0
41,298.15,0.653373,5,0
41,400,0.65737,1,0
41,400,0.65737,2,0
41,400,0.65737,3,0
41,400,0.65737,4,0
41,400,0.65737,5,0
41,500,0.661264,1,0
41,500,0.661264,2,0
41,500,0.661264,3,1.00E-06
41,500,0.661264,4,1.00E-06
41,500,0.661264,5,1.00E-06
41,600,0.665128,1,3.00E-06
41,600,0.665128,2,5.00E-06
41,600,0.665128,3,8.00E-06
41,600,0.665128,4,1.00E-05
41,600,0.665128,5,1.30E-05
41,700,0.668965,1,1.50E-05
41,700,0.668965,2,3.10E-05
41,700,0.668965,3,4.60E-05
41,700,0.668965,4,6.10E-05
41,700,0.668965,5,7.60E-05
42,77,0.097602,1,0
42,77,0.097602,2,1.00E-06
42,77,0.097602,3,1.00E-06
42,77,0.097602,4,2.00E-06
42,77,0.097602,5,2.00E-06
42,100,0.098135,1,1.10E-05
42,100,0.098135,2,2.30E-05
42,100,0.098135,3,3.40E-05
42,100,0.098135,4,4.50E-05
42,100,0.098135,5,5.70E-05
42,273,0.101839,1,0.013008
42,273,0.101839,2,0.025682
42,273,0.101839,3,0.038035
42,273,0.101839,4,0.050079
42,273,0.101839,5,0.061824
42,298.15,0.102334,1,0.018286
42,298.15,0.102334,2,0.035915
42,298.15,0.102334,3,0.052922
42,298.15,0.102334,4,0.06934
42,298.15,0.102334,5,0.085198
42,400,0.104248,1,0.046332
42,400,0.104248,2,0.08856
42,400,0.104248,3,0.127208
42,400,0.104248,4,0.162711
42,400,0.104248,5,0.195439
42,500,0.106013,1,0.07867
42,500,0.106013,2,0.145865
42,500,0.106013,3,0.203925
42,500,0.106013,4,0.254594
42,500,0.106013,5,0.299199
42,600,0.107688,1,0.110774
42,600,0.107688,2,0.199454
42,600,0.107688,3,0.27205
42,600,0.107688,4,0.332574
42,600,0.107688,5,0.383807
42,700,0.109292,1,0.140409
42,700,0.109292,2,0.246243
42,700,0.109292,3,0.328873
42,700,0.109292,4,0.395176
42,700,0.109292,5,0.449557
43,77,-0.007066,1,0.743634
43,77,-0.007066,2,0.85297
43,77,-0.007066,3,0.896929
43,77,-0.007066,4,0.920652
43,77,-0.007066,5,0.935498
43,100,-0.006307,1,0.675228
43,100,-0.006307,2,0.806132
43,100,-0.006307,3,0.861826
43,100,-0.006307,4,0.892661
43,100,-0.006307,5,0.912245
43,273,-0.000199,1,0.502115
43,273,-0.000199,2,0.668544
43,273,-0.000199,3,0.751583
43,273,-0.000199,4,0.80135
43,273,-0.000199,5,0.834505
43,298.15,0.000691,1,0.493276
43,298.15,0.000691,2,0.660663
43,298.15,0.000691,3,0.744923
43,298.15,0.000691,4,0.795662
43,298.15,0.000691,5,0.829564
43,400,0.004249,1,0.469221
43,400,0.004249,2,0.638734
43,400,0.004249,3,0.726182
43,400,0.004249,4,0.779546
43,400,0.004249,5,0.815502
43,500,0.007665,1,0.455641
43,500,0.007665,2,0.626035
43,500,0.007665,3,0.715186
43,500,0.007665,4,0.770014
43,500,0.007665,5,0.80714
43,600,0.01101,1,0.446962
43,600,0.01101,2,0.617794
43,600,0.01101,3,0.707994
43,600,0.01101,4,0.763749
43,600,0.01101,5,0.801626
43,700,0.014292,1,0.441041
43,700,0.014292,2,0.612114
43,700,0.014292,3,0.70301
43,700,0.014292,4,0.759393
43,700,0.014292,5,0.797783
44,77,0.00196,1,0.426683
44,77,0.00196,2,0.598146
44,77,0.00196,3,0.690661
44,77,0.00196,4,0.74855
44,77,0.00196,5,0.788188
44,100,0.002519,1,0.427434
44,100,0.002519,2,0.598884
44,100,0.002519,3,0.691317
44,100,0.002519,4,0.749128
44,100,0.002519,5,0.7887
44,273,0.006387,1,0.432538
44,273,0.006387,2,0.603876
44,273,0.006387,3,0.695743
44,273,0.006387,4,0.753021
44,273,0.006387,5,0.79215
44,298.15,0.006896,1,0.433296
44,298.15,0.006896,2,0.604615
44,298.15,0.006896,3,0.696397
44,298.15,0.006896,4,0.753595
44,298.15,0.006896,5,0.792658
44,400,0.008849,1,0.436167
44,400,0.008849,2,0.607405
44,400,0.008849,3,0.698861
44,400,0.008849,4,0.755758
44,400,0.008849,5,0.794572
44,500,0.010632,1,0.438619
44,500,0.010632,2,0.609778
44,500,0.010632,3,0.700954
44,500,0.010632,4,0.757593
44,500,0.010632,5,0.796193
44,600,0.012313,1,0.440742
44,600,0.012313,2,0.611826
44,600,0.012313,3,0.702757
44,600,0.012313,4,0.759171
44,600,0.012313,5,0.797588
44,700,0.013915,1,0.442582
44,700,0.013915,2,0.613597
44,700,0.013915,3,0.704313
44,700,0.013915,4,0.760533
44,700,0.013915,5,0.79879
