File ID,Temperature (K),G,Pressure (bar),theta,wt%
1,77.0,-0.22339356,1,0.811547689,11.779049421679254
1,77.0,-0.22339356,2,0.895971653,12.846983297284773
1,77.0,-0.22339356,3,0.928156516,13.247334724553536
1,77.0,-0.22339356,4,0.945131908,13.45701567238895
1,77.0,-0.22339356,5,0.955618501,13.586040904365563
1,100.0,-0.01568775,1,0.519727738,7.877126793566693
1,100.0,-0.01568775,2,0.6839748,10.114704872818779
1,100.0,-0.01568775,3,0.764509563,11.172602005155472
1,100.0,-0.01568775,4,0.812333771,11.789113783362092
1,100.0,-0.01568775,5,0.844012292,12.192797923131138
1,273.0,1.34600895,1,0.077176242,1.253800625254237
1,273.0,1.34600895,2,0.143293621,2.3032000517656233
1,273.0,1.34600895,3,0.200570215,3.1944148783575557
1,273.0,1.34600895,4,0.250668101,3.9607050287045737
1,273.0,1.34600895,5,0.294857297,4.626616838777096
1,298.15,1.51606416,1,0.071818439,1.1677745379330846
1,298.15,1.51606416,2,0.134012321,2.157237205892897
1,298.15,1.51606416,3,0.188394866,3.006331817900791
1,298.15,1.51606416,4,0.236350733,3.742949511947452
1,298.15,1.51606416,5,0.278955577,4.388051180622708
1,400.0,2.15173179,1,0.062546203,1.018542743669744
1,400.0,2.15173179,2,0.11772891,1.9000986927920152
1,400.0,2.15173179,3,0.166776176,2.670562167339178
1,400.0,2.15173179,4,0.210657359,3.349688027378781
1,400.0,2.15173179,5,0.250147828,3.952809351523838
1,500.0,2.70519561,1,0.061635849,1.003866772656549
1,500.0,2.70519561,2,0.116114861,1.8745368905509245
1,500.0,2.70519561,3,0.164615158,2.636870570954777
1,500.0,2.70519561,4,0.208069733,3.309903772873686
1,500.0,2.70519561,5,0.24722705,3.908459431915301
1,600.0,3.200301,1,0.063902217,1.0403952087357449
1,600.0,3.200301,2,0.12012799,1.9380684840494582
1,600.0,3.200301,3,0.169982176,2.72050273977449
1,600.0,3.200301,4,0.214489756,3.408550283175045
1,600.0,3.200301,5,0.254467052,4.018318689846874
1,700.0,3.64646061,1,0.067757648,1.1024736468976148
1,700.0,3.64646061,2,0.126915781,2.0453385329425737
1,700.0,3.64646061,3,0.179013831,2.8609156782348766
1,700.0,3.64646061,4,0.225244482,3.5733511812028036
1,700.0,3.64646061,5,0.266546093,4.2010470835313525
2,77.0,-0.37587849,1,0.921052809,13.20056345549303
2,77.0,-0.37587849,2,0.958904206,13.668899010935034
2,77.0,-0.37587849,3,0.972222288,13.832484045112894
2,77.0,-0.37587849,4,0.979021029,13.915753703561581
2,77.0,-0.37587849,5,0.983146108,13.96619846779801
2,100.0,-0.21209838,1,0.744107903,10.942071268916928
2,100.0,-0.21209838,2,0.853281958,12.349216317663595
2,100.0,-0.21209838,3,0.897158399,12.902292494651673
2,100.0,-0.21209838,4,0.920833394,13.197833819003044
2,100.0,-0.21209838,5,0.935647806,13.381748089284052
2,273.0,0.82329312,1,0.179796313,2.8831446045273723
2,273.0,0.82329312,2,0.304792126,4.791489553119654
2,273.0,0.82329312,3,0.396728351,6.147919513942825
2,273.0,0.82329312,4,0.467188788,7.161615768487777
2,273.0,0.82329312,5,0.5229114,7.947907549113613
2,298.15,0.94565757,1,0.168506221,2.7070018794908055
2,298.15,0.94565757,2,0.288413049,4.545706636301816
2,298.15,0.94565757,3,0.378095706,5.876144733795796
2,298.15,0.94565757,4,0.447702775,6.883472621302008
2,298.15,0.94565757,5,0.503296643,7.672650787749277
2,400.0,1.38993465,1,0.148200458,2.3885876055506614
2,400.0,1.38993465,2,0.258143875,4.0881346732252055
2,400.0,1.38993465,3,0.342950524,5.359210983297026
2,400.0,1.38993465,4,0.410356685,6.345709992189856
2,400.0,1.38993465,5,0.465219386,7.133580050464514
2,500.0,1.75389045,1,0.146119643,2.3558406168875146
2,500.0,1.75389045,2,0.254981483,4.040076311078742
2,500.0,1.75389045,3,0.339224271,5.304070186752432
2,500.0,1.75389045,4,0.406350989,6.28766116211689
2,500.0,1.75389045,5,0.461096937,7.074839454694952
2,600.0,2.06011533,1,0.150844254,2.4301628823909107
2,600.0,2.06011533,2,0.262145383,4.148875999249462
2,600.0,2.06011533,3,0.347650578,5.42867049505154
2,600.0,2.06011533,4,0.415396494,6.418642664271067
2,600.0,2.06011533,5,0.470395461,7.207228641269922
2,700.0,2.31802194,1,0.15888301,2.5563598611466523
2,700.0,2.31802194,2,0.274200258,4.331400164548235
2,700.0,2.31802194,3,0.361709911,5.635838331097014
2,700.0,2.31802194,4,0.430388011,6.634919709883626
2,700.0,2.31802194,5,0.485722707,7.424631252335711
3,77.0,-0.07028112,1,0.612861563,9.210378681238085
3,77.0,-0.07028112,2,0.759967969,11.17412852844821
3,77.0,-0.07028112,3,0.826061727,12.029034164921809
3,77.0,-0.07028112,4,0.863615682,12.507493242530229
3,77.0,-0.07028112,5,0.887832981,12.813285000458707
3,100.0,0.26794677,1,0.20611586,3.299286180769568
3,100.0,0.26794677,2,0.341784511,5.35464378468076
3,100.0,0.26794677,3,0.43785136,6.757985392598802
3,100.0,0.26794677,4,0.509447692,7.7770931929640446
3,100.0,0.26794677,5,0.56486706,8.550769554862285
3,273.0,3.05785623,1,0.003550498,0.05873716788460846
3,273.0,3.05785623,2,0.007075874,0.1169905027773538
3,273.0,3.05785623,3,0.010576392,0.17476593044871014
3,273.0,3.05785623,4,0.014052315,0.23206932455202464
3,273.0,3.05785623,5,0.017503901,0.28890644143736344
3,298.15,3.47954295,1,0.002805402,0.046416497730347284
3,298.15,3.47954295,2,0.005595107,0.09253057318246341
3,298.15,3.47954295,3,0.008369247,0.13834518266441934
3,298.15,3.47954295,4,0.011127951,0.18386321894109411
3,298.15,3.47954295,5,0.013871349,0.22908757754010342
3,400.0,5.21398059,1,0.001413719,0.023395933216600124
3,400.0,5.21398059,2,0.002823447,0.04671491999712179
3,400.0,5.21398059,3,0.0042292,0.06995732483351155
3,400.0,5.21398059,4,0.005630995,0.09312352785209373
3,400.0,5.21398059,5,0.007028849,0.1162139082661949
3,500.0,6.94465317,1,0.000920117,0.015228453821345151
3,500.0,6.94465317,2,0.001838543,0.030424296006656606
3,500.0,6.94465317,3,0.002755282,0.0455876203294664
3,500.0,6.94465317,4,0.003670338,0.06071852041173936
3,500.0,6.94465317,5,0.004583717,0.0758171227804489
3,600.0,8.6972886,1,0.000678356,0.011227622554277618
3,600.0,8.6972886,2,0.001355793,0.02243751874605467
3,600.0,8.6972886,3,0.002032312,0.03362971619272826
3,600.0,8.6972886,4,0.002707915,0.044804259014032614
3,600.0,8.6972886,5,0.003382604,0.05596119127910975
3,700.0,10.46561178,1,0.000539491,0.008929441975136013
3,700.0,10.46561178,2,0.0010784,0.017847658939038828
3,700.0,10.46561178,3,0.001616728,0.026754673015973764
3,700.0,10.46561178,4,0.002154476,0.035650506309957385
3,700.0,10.46561178,5,0.002691645,0.04453518090480621
4,77.0,-0.28990962,1,0.869307139,12.615346795570323
4,77.0,-0.28990962,2,0.930084865,13.379344162997505
4,77.0,-0.28990962,3,0.95227774,13.654997352749614
4,77.0,-0.28990962,4,0.963776134,13.797127730519046
4,77.0,-0.28990962,5,0.970809428,13.8838350918063
4,100.0,-0.10228413,1,0.625923218,9.41593885385848
4,100.0,-0.10228413,2,0.769929614,11.336677831581717
4,100.0,-0.10228413,3,0.833879977,12.163765421500075
4,100.0,-0.10228413,4,0.870011562,12.624278827121346
4,100.0,-0.10228413,5,0.893233569,12.917713297616263
4,273.0,1.11257523,1,0.113949844,1.8572179826576287
4,273.0,1.11257523,2,0.204587028,3.285931657955478
4,273.0,1.11257523,3,0.27840184,4.419101634245058
4,273.0,1.11257523,4,0.339679946,5.339836255303219
4,273.0,1.11257523,5,0.391365205,6.102753768579695
4,298.15,1.2612951,1,0.106306066,1.7347966881662977
4,298.15,1.2612951,2,0.192182017,3.092853390572831
4,298.15,1.2612951,3,0.263000995,4.184872712297053
4,298.15,1.2612951,4,0.322403819,5.082054159175157
4,298.15,1.2612951,5,0.372945047,5.83227132412049
4,400.0,1.81099386,1,0.092914844,1.5195876006846474
4,400.0,1.81099386,2,0.17003126,2.7461629198869306
4,400.0,1.81099386,3,0.235062871,3.757023093106514
4,400.0,1.81099386,4,0.29064396,4.6044746540959665
4,400.0,1.81099386,5,0.338695034,5.325177740861214
4,500.0,2.28037134,1,0.091513732,1.497015972955009
4,500.0,2.28037134,2,0.167682237,2.7092518751509393
4,500.0,2.28037134,3,0.23206663,3.710911126131621
4,500.0,2.28037134,4,0.287205255,4.552477644925239
4,500.0,2.28037134,5,0.334956269,5.2694920883116145
4,600.0,2.6920179,1,0.094659454,1.5476784556882268
4,600.0,2.6920179,2,0.172947766,2.791952074126208
4,600.0,2.6920179,3,0.238773939,3.814075013343912
4,600.0,2.6920179,4,0.294894233,4.668665231837199
4,600.0,2.6920179,5,0.343307911,5.393792380572165
4,700.0,3.05471868,1,0.100090689,1.6350270284686472
4,700.0,3.05471868,2,0.181968069,2.933298359976582
4,700.0,3.05471868,3,0.250188907,3.9891392232338
4,700.0,3.05471868,4,0.307906911,4.864655736713585
4,700.0,3.05471868,5,0.357374147,5.602409154214967
5,77.0,300.3739768,1,0.0,0.0
5,77.0,300.3739768,2,0.0,0.0
5,77.0,300.3739768,3,0.0,0.0
5,77.0,300.3739768,4,0.0,0.0
5,77.0,300.3739768,5,0.0,0.0
5,100.0,300.7197348,1,0.0,0.0
5,100.0,300.7197348,2,0.0,0.0
5,100.0,300.7197348,3,0.0,0.0
5,100.0,300.7197348,4,0.0,0.0
5,100.0,300.7197348,5,0.0,0.0
5,273.0,304.2268882,1,2.7e-244,4.4387180950827703e-243
5,273.0,304.2268882,2,5.4e-244,8.877436190165541e-243
5,273.0,304.2268882,3,8.099999999999999e-244,1.3316154285248308e-242
5,273.0,304.2268882,4,1.08e-243,1.7754872380331081e-242
5,273.0,304.2268882,5,1.35e-243,2.219359047541385e-242
5,298.15,304.8882837,1,3.1100000000000003e-224,5.112745657669413e-223
5,298.15,304.8882837,2,6.21e-224,1.0209051618690372e-222
5,298.15,304.8882837,3,9.32e-224,1.5321797276359786e-222
5,298.15,304.8882837,4,1.24e-223,2.038522384408383e-222
5,298.15,304.8882837,5,1.55e-223,2.548152980510479e-222
5,400.0,307.9197845,1,5.58e-169,9.173350729837725e-168
5,400.0,307.9197845,2,1.12e-168,1.8412460246269268e-167
5,400.0,307.9197845,3,1.67e-168,2.7454293402919354e-167
5,400.0,307.9197845,4,2.2299999999999998e-168,3.666052352605399e-167
5,400.0,307.9197845,5,2.79e-168,4.586675364918862e-167
5,500.0,311.3453616,1,7.94e-137,1.3053119138873034e-135
5,500.0,311.3453616,2,1.59e-136,2.6139117671042982e-135
5,500.0,311.3453616,3,2.38e-136,3.9126478023322196e-135
5,500.0,311.3453616,4,3.18e-136,5.2278235342085963e-135
5,500.0,311.3453616,5,3.97e-136,6.526559569436518e-135
5,600.0,315.1072841,1,1.63e-115,2.6796705536981168e-114
5,600.0,315.1072841,2,3.26e-115,5.3593411073962335e-114
5,600.0,315.1072841,3,4.9e-115,8.055451357742803e-114
5,600.0,315.1072841,4,6.53e-115,1.0735121911440921e-113
5,600.0,315.1072841,5,8.16e-115,1.341479246513904e-113
5,700.0,319.1214655,1,2.28e-100,3.748250835847673e-99
5,700.0,319.1214655,2,4.56e-100,7.496501671695345e-99
5,700.0,319.1214655,3,6.83e-100,1.1228312810894563e-98
5,700.0,319.1214655,4,9.11e-100,1.4976563646742237e-98
5,700.0,319.1214655,5,1.14e-99,1.8741254179238362e-98
6,77.0,0.65386542,1,0.013739331,0.22540380830457413
6,77.0,0.65386542,2,0.027106239,0.4437246826540112
6,77.0,0.65386542,3,0.040115667,0.6552913604763009
6,77.0,0.65386542,4,0.052781764,0.8604124628840014
6,77.0,0.65386542,5,0.065117945,1.0593781382519674
6,100.0,1.0730421,1,0.004494874,0.07385371483916676
6,100.0,1.0730421,2,0.008949522,0.146938941542503
6,100.0,1.0730421,3,0.01336448,0.21926758685907724
6,100.0,1.0730421,4,0.017740277,0.2908513533797087
6,100.0,1.0730421,5,0.022077431,0.3617016768005025
6,273.0,4.20494451,1,0.000429805,0.007066696769488603
6,273.0,4.20494451,2,0.00085924,0.014126312729841856
6,273.0,4.20494451,3,0.001288306,0.021178867104739495
6,273.0,4.20494451,4,0.001717005,0.02822439553874208
6,273.0,4.20494451,5,0.002145335,0.03526286792973798
6,298.15,4.64106396,1,0.000395872,0.006508819095410871
6,298.15,4.64106396,2,0.000791431,0.01301164569560628
6,298.15,4.64106396,3,0.001186677,0.019508481973457722
6,298.15,4.64106396,4,0.00158161,0.025999330099422454
6,298.15,4.64106396,5,0.001976231,0.032484208673661065
6,400.0,6.36420642,1,0.00033291,0.005473671784346361
6,400.0,6.36420642,2,0.000665598,0.010943094877993378
6,400.0,6.36420642,3,0.000998065,0.0164082870143317
6,400.0,6.36420642,4,0.001330311,0.021869249482750874
6,400.0,6.36420642,5,0.001662336,0.02732598357143671
6,500.0,7.99133985,1,0.00032104,0.005278516773993048
6,500.0,7.99133985,2,0.000641874,0.010553089821504758
6,500.0,7.99133985,3,0.000962502,0.015823720302478122
6,500.0,7.99133985,4,0.001282925,0.021090425811672024
6,500.0,7.99133985,5,0.001603142,0.026353191067616508
6,600.0,9.56387991,1,0.000328041,0.005393620507882532
6,600.0,9.56387991,2,0.000655867,0.010783124785529112
6,600.0,9.56387991,3,0.000983478,0.016168514069970052
6,600.0,9.56387991,4,0.001310875,0.021549806032807022
6,600.0,9.56387991,5,0.001638057,0.026926985469546277
6,700.0,11.08935672,1,0.000344596,0.0056658009012960295
6,700.0,11.08935672,2,0.000688955,0.011327063753098075
6,700.0,11.08935672,3,0.001033077,0.016983789987875055
6,700.0,11.08935672,4,0.001376962,0.02263598103671112
6,700.0,11.08935672,5,0.00172061,0.02828363832930664
7,77.0,0.19829316,1,0.214831862,3.4087857311878063
7,77.0,0.19829316,2,0.353681639,5.490971604588968
7,77.0,0.19829316,3,0.450802224,6.894825118055927
7,77.0,0.19829316,4,0.522547738,7.905394528601019
7,77.0,0.19829316,5,0.5777139,8.667640303084182
7,100.0,0.5773092,1,0.051885727,0.8451335163253079
7,100.0,0.5773092,2,0.098652782,1.59474414614421
7,100.0,0.5773092,3,0.141023016,2.264160610277828
7,100.0,0.5773092,4,0.179588644,2.865598395364216
7,100.0,0.5773092,5,0.214840095,3.408911912832681
7,273.0,3.2818773,1,0.002352105,0.03862356148863754
7,273.0,3.2818773,2,0.004693171,0.0770362387274123
7,273.0,3.2818773,3,0.007023275,0.11523974544803806
7,273.0,3.2818773,4,0.009342495,0.15323580494129072
7,273.0,3.2818773,5,0.011650907,0.19102610097145015
7,298.15,3.65022567,1,0.002104631,0.03456123273200852
7,298.15,3.65022567,2,0.004200422,0.06895356815210553
7,298.15,3.65022567,3,0.006287428,0.10317823183158238
7,298.15,3.65022567,4,0.008365704,0.13723644497175885
7,298.15,3.65022567,5,0.010435305,0.17112942444406826
7,400.0,5.08973361,1,0.001652534,0.027139129219582933
7,400.0,5.08973361,2,0.003299615,0.054174051409825286
7,400.0,5.08973361,3,0.00494127,0.08110536649551824
7,400.0,5.08973361,4,0.006577526,0.10793367272223461
7,400.0,5.08973361,5,0.00820841,0.13465956666847823
7,500.0,6.4319775,1,0.001540573,0.025300888509877495
7,500.0,6.4319775,2,0.003076407,0.050511207771828284
7,500.0,6.4319775,3,0.004607524,0.07563144596918642
7,500.0,6.4319775,4,0.006133944,0.10066205722378614
7,500.0,6.4319775,5,0.00765569,0.12560354361618228
7,600.0,7.71962802,1,0.001538955,0.025274322750838154
7,600.0,7.71962802,2,0.00307318,0.05045825072788098
7,600.0,7.71962802,3,0.004602698,0.07555228814073202
7,600.0,7.71962802,4,0.00612753,0.10055690510747071
7,600.0,7.71962802,5,0.007647697,0.12547257051730404
7,700.0,8.95770525,1,0.001593508,0.026170014502351194
7,700.0,8.95770525,2,0.003181946,0.05224313639064945
7,700.0,8.95770525,3,0.004765338,0.07821990018467427
7,700.0,8.95770525,4,0.006343708,0.10410083895903899
7,700.0,8.95770525,5,0.007917079,0.12988646796870534
8,77.0,0.13114959,1,0.297926254,4.672521899000931
8,77.0,0.13114959,2,0.459080403,7.022490025467823
8,77.0,0.13114959,3,0.560063513,8.436888120345316
8,77.0,0.13114959,4,0.629273619,9.381667897431504
8,77.0,0.13114959,5,0.679667774,10.05741788873238
8,100.0,0.57291663,1,0.052984063,0.8641723385994516
8,100.0,0.57291663,2,0.10063602,1.6287193044062103
8,100.0,0.57291663,3,0.143722214,2.309929822969685
8,100.0,0.57291663,4,0.182868847,2.920725316905144
8,100.0,0.57291663,5,0.218592614,3.471487169244952
8,273.0,4.03990938,1,0.000582551,0.009583337779939976
8,273.0,4.03990938,2,0.001164425,0.01915370504435349
8,273.0,4.03990938,3,0.001745621,0.0287110922714148
8,273.0,4.03990938,4,0.002326141,0.03825553925944746
8,273.0,4.03990938,5,0.002905986,0.04778706933387542
8,298.15,4.5368973,1,0.000471937,0.007763807773394465
8,298.15,4.5368973,2,0.000943429,0.015519091141711844
8,298.15,4.5368973,3,0.001414477,0.023265870235743294
8,298.15,4.5368973,4,0.00188508,0.03100413228717672
8,298.15,4.5368973,5,0.002355241,0.03873393029091081
8,400.0,6.51857388,1,0.000274159,0.004510320300765067
8,400.0,6.51857388,2,0.000548168,0.009017766372465735
8,400.0,6.51857388,3,0.000822027,0.013522338937428567
8,400.0,6.51857388,4,0.001095736,0.018024038717424532
8,400.0,6.51857388,5,0.001369295,0.022522866433669304
8,500.0,8.40926151,1,0.000210823,0.0034683857351198743
8,500.0,8.40926151,2,0.000421558,0.006935083290199877
8,500.0,8.40926151,3,0.000632203,0.010400060093775742
8,500.0,8.40926151,4,0.00084276,0.013863349373935052
8,500.0,8.40926151,5,0.001053228,0.017324935009901177
8,600.0,10.25225838,1,0.000184174,0.003029979058070791
8,600.0,10.25225838,2,0.00036828,0.0060586558909639255
8,600.0,10.25225838,3,0.000552319,0.009086047167869602
8,600.0,10.25225838,4,0.000736289,0.012112120209181952
8,600.0,10.25225838,5,0.000920192,0.015136908132097273
8,700.0,12.05070204,1,0.000172669,0.002840707397602489
8,700.0,12.05070204,2,0.000345279,0.005680282836815653
8,700.0,12.05070204,3,0.000517829,0.008518710047335065
8,700.0,12.05070204,4,0.000690319,0.011355989210986035
8,700.0,12.05070204,5,0.00086275,0.014192136957054109
9,77.0,0.37713351,1,0.078352785,1.2724389074148181
9,77.0,0.37713351,2,0.14531939,2.3345785364975393
9,77.0,0.37713351,3,0.203213644,3.234574568648367
9,77.0,0.37713351,4,0.253762211,4.006922640880857
9,77.0,0.37713351,5,0.298279732,4.676981213824102
9,100.0,0.73920678,1,0.023655605,0.38760692457859935
9,100.0,0.73920678,2,0.046217898,0.7545101097219011
9,100.0,0.73920678,3,0.067760962,1.1023252045914074
9,100.0,0.73920678,4,0.088352336,1.4325040352387595
9,100.0,0.73920678,5,0.108053721,1.7463548402050548
9,273.0,3.388554,1,0.001933001,0.0317861629092907
9,273.0,3.388554,2,0.003858543,0.06342958639795587
9,273.0,3.388554,3,0.00577667,0.0949312447229748
9,273.0,3.388554,4,0.007687424,0.12629207614656388
9,273.0,3.388554,5,0.009590848,0.15751303225793728
9,298.15,3.75313731,1,0.001769617,0.029100267163805562
9,298.15,3.75313731,2,0.003532982,0.058080882040055154
9,298.15,3.75313731,3,0.005290128,0.08694257986961391
9,298.15,3.75313731,4,0.007041087,0.1156860772753525
9,298.15,3.75313731,5,0.008785894,0.14431213793317962
9,400.0,5.1832326,1,0.001469401,0.024164591986805477
9,400.0,5.1832326,2,0.00293449,0.04824664788204797
9,400.0,5.1832326,3,0.004395286,0.07224659060420667
9,400.0,5.1832326,4,0.005851808,0.09616484201722823
9,400.0,5.1832326,5,0.007304074,0.12000180652759881
9,500.0,6.52171143,1,0.001407713,0.02315035539913771
9,500.0,6.52171143,2,0.002811469,0.046224965322142694
9,500.0,6.52171143,3,0.004211284,0.06922419005171274
9,500.0,6.52171143,4,0.005607174,0.09214838900330802
9,500.0,6.52171143,5,0.006999156,0.11499793714181115
9,600.0,7.80559689,1,0.001432042,0.02355036048184179
9,600.0,7.80559689,2,0.002859988,0.047022318763005395
9,600.0,7.80559689,3,0.004283856,0.0704162731293246
9,600.0,7.80559689,4,0.005703663,0.09373260448403703
9,600.0,7.80559689,5,0.007119427,0.11697170921348483
9,700.0,9.04179159,1,0.001500168,0.024670436602311534
9,700.0,9.04179159,2,0.002995841,0.04925483743485887
9,700.0,9.04179159,3,0.004487041,0.07375368179229018
9,700.0,9.04179159,4,0.005973786,0.09816738209893767
9,700.0,9.04179159,5,0.007456098,0.12249641534797452
10,77.0,0.31689255,1,0.11192704,1.8081519257373693
10,77.0,0.31689255,2,0.201320834,3.2059864655283885
10,77.0,0.31689255,3,0.274363688,4.31893909495301
10,77.0,0.31689255,4,0.335165808,5.226045372960443
10,77.0,0.31689255,5,0.386566308,5.979579629519098
10,100.0,0.69277104,1,0.029698291,0.48622705031986113
10,100.0,0.69277104,2,0.057683481,0.9400994828957313
10,100.0,0.69277104,3,0.084099642,1.3647427451323906
10,100.0,0.69277104,4,0.109075129,1.7628922502639977
10,100.0,0.69277104,5,0.132724671,2.136952452082193
10,273.0,3.42181203,1,0.001818256,0.02990539878521154
10,273.0,3.42181203,2,0.003629913,0.059684477746954887
10,273.0,3.42181203,3,0.005435005,0.08933800501771015
10,273.0,3.42181203,4,0.007233568,0.11886677916637504
10,273.0,3.42181203,5,0.009025638,0.14827159631347792
10,298.15,3.79580799,1,0.001646841,0.027086848813407872
10,298.15,3.79580799,2,0.003288266,0.05407001884974189
10,298.15,3.79580799,3,0.004924303,0.08095012602507713
10,298.15,3.79580799,4,0.006554978,0.10772775171510757
10,298.15,3.79580799,5,0.008180317,0.13440347567130576
10,400.0,5.26041633,1,0.001333597,0.021935816223657992
10,400.0,5.26041633,2,0.002663642,0.04380362389656288
10,400.0,5.26041633,3,0.003990149,0.06560373597601485
10,400.0,5.26041633,4,0.005313132,0.0873364647087836
10,400.0,5.26041633,5,0.006632605,0.10900212163524861
10,500.0,6.63152568,1,0.001260592,0.020735234485447708
10,500.0,6.63152568,2,0.002518009,0.04140967924084073
10,500.0,6.63152568,3,0.003772265,0.06202363439375242
10,500.0,6.63152568,4,0.00502337,0.08257733374505215
10,500.0,6.63152568,5,0.006271337,0.1030710598354803
10,600.0,7.94615913,1,0.001272978,0.02093892674876534
10,600.0,7.94615913,2,0.002542719,0.04181587528705551
10,600.0,7.94615913,3,0.003809235,0.06263111494547692
10,600.0,7.94615913,4,0.00507254,0.08338494731886756
10,600.0,7.94615913,5,0.006332644,0.10407760769357774
10,700.0,9.21372933,1,0.001325958,0.021810192700738987
10,700.0,9.21372933,2,0.002648405,0.04355316038535531
10,700.0,9.21372933,3,0.003967353,0.06522918172726556
10,700.0,9.21372933,4,0.005282818,0.08683860045019577
10,700.0,9.21372933,5,0.006594813,0.10838171027413186
11,77.0,0.35705319,1,0.088370437,1.432527096173503
11,77.0,0.35705319,2,0.162390367,2.601213678667397
11,77.0,0.35705319,3,0.225292855,3.572803884003502
11,77.0,0.35705319,4,0.279407627,4.393280127293144
11,77.0,0.35705319,5,0.326455962,5.095353293975489
11,100.0,0.81701802,1,0.016114074,0.264312777708853
11,100.0,0.81701802,2,0.031717057,0.5189142770430873
11,100.0,0.81701802,3,0.046832885,0.7643300573465305
11,100.0,0.81701802,4,0.061484022,1.0010484216778577
11,100.0,0.81701802,5,0.075691572,1.2295236695975402
11,273.0,4.43900574,1,0.000279218,0.004591828825738391
11,273.0,4.43900574,2,0.00055828,0.00918067085669167
11,273.0,4.43900574,3,0.000837187,0.01376654329872685
11,273.0,4.43900574,4,0.001115938,0.018349430471005852
11,273.0,4.43900574,5,0.001394533,0.022929333136654094
11,298.15,4.95858402,1,0.000231664,0.0038098179637337504
11,298.15,4.95858402,2,0.000463221,0.007617586182547912
11,298.15,4.95858402,3,0.00069467,0.011423288649271326
11,298.15,4.95858402,4,0.000926012,0.015226942243584335
11,298.15,4.95858402,5,0.001157247,0.019028547400064655
11,400.0,7.02873951,1,0.000144309,0.0023732600615361823
11,400.0,7.02873951,2,0.000288577,0.0047457332534784815
11,400.0,7.02873951,3,0.000432803,0.007117403236087992
11,400.0,7.02873951,4,0.000576988,0.009488286558608216
11,400.0,7.02873951,5,0.000721131,0.011858366882775294
11,500.0,9.00602352,1,0.000115636,0.0019017219616849677
11,500.0,9.00602352,2,0.000231246,0.003802944028436042
11,500.0,9.00602352,3,0.000346828,0.005703633364758399
11,500.0,9.00602352,4,0.000462384,0.007603822914429337
11,500.0,9.00602352,5,0.000577914,0.009503512730313812
11,600.0,10.93373424,1,0.000103996,0.0017102965834116354
11,600.0,10.93373424,2,0.00020797,0.0034201728766741542
11,600.0,10.93373424,3,0.000311922,0.005129628919905625
11,600.0,10.93373424,4,0.000415853,0.006838681197036203
11,600.0,10.93373424,5,0.000519762,0.008547313303212355
11,700.0,12.81814677,1,9.95e-05,0.0016363575125683807
11,700.0,12.81814677,2,0.000198887,0.003270803188018344
11,700.0,12.81814677,3,0.000298301,0.004905639435628714
11,700.0,12.81814677,4,0.000397695,0.006540093350131412
11,700.0,12.81814677,5,0.00049707,0.008174181409785824
12,77.0,-0.05082831,1,0.582297821,8.726454443925805
12,77.0,-0.05082831,2,0.736015449,10.781730350635382
12,77.0,-0.05082831,3,0.807029927,11.700290729003726
12,77.0,-0.05082831,4,0.84793652,12.22087562961209
12,77.0,-0.05082831,5,0.87453344,12.556072524073059
12,100.0,0.20833332,1,0.259516757,4.086873480666141
12,100.0,0.20833332,2,0.412089407,6.3373218259178286
12,100.0,0.20833332,3,0.512530015,7.762054115753765
12,100.0,0.20833332,4,0.583659087,8.745070684871449
12,100.0,0.20833332,5,0.636673753,9.464222100714577
12,273.0,1.95281112,1,0.026597589,0.4348080199193831
12,273.0,1.95281112,2,0.051816972,0.8436076082732799
12,273.0,1.95281112,3,0.075762565,1.2286645696657426
12,273.0,1.95281112,4,0.098528496,1.5919889444143032
12,273.0,1.95281112,5,0.120199842,1.9353701124373264
12,298.15,2.17934223,1,0.024633973,0.4028368295921133
12,298.15,2.17934223,2,0.04808346,0.783300183200782
12,298.15,2.17934223,3,0.070431886,1.1432036171789643
12,298.15,2.17934223,4,0.091755021,1.4841698331848894
12,298.15,2.17934223,5,0.112121841,1.8076551832644956
12,400.0,3.03965844,1,0.021364432,0.3495572574488477
12,400.0,3.03965844,2,0.041835081,0.6822058187113392
12,400.0,3.03965844,3,0.061466885,0.9991435656004167
12,400.0,3.03965844,4,0.08031037,1.3014578411674902
12,400.0,3.03965844,5,0.098412085,1.5901379255831627
12,500.0,3.81337827,1,0.021075828,0.34485150519494784
12,500.0,3.81337827,2,0.041281612,0.673241147413462
12,500.0,3.81337827,3,0.060670137,0.9863201748979943
12,500.0,3.81337827,4,0.079290004,1.2851349527207365
12,500.0,3.81337827,5,0.097186035,1.570638617015732
12,600.0,4.52936718,1,0.021899101,0.35827397991657656
12,600.0,4.52936718,2,0.042859615,0.6987961742775212
12,600.0,4.52936718,3,0.062940618,1.0228540499806915
12,600.0,4.52936718,4,0.082196328,1.3316134791411238
12,600.0,4.52936718,5,0.100676598,1.6261328217644966
12,700.0,5.19641031,1,0.02329364,0.3810020110178413
12,700.0,5.19641031,2,0.045526795,0.74196003415733
12,700.0,5.19641031,3,0.066770275,1.084415276981506
12,700.0,5.19641031,4,0.087088721,1.4097548541015696
12,700.0,5.19641031,5,0.106541265,1.7192306155394004
13,77.0,0.20331324,1,0.209349091,3.3395673456876227
13,77.0,0.20331324,2,0.3462178,5.40490896481563
13,77.0,0.20331324,3,0.442692661,6.8084645604046745
13,77.0,0.20331324,4,0.514356295,7.824389701148523
13,77.0,0.20331324,5,0.569689521,8.593782543537262
13,100.0,0.54718872,1,0.059869946,0.9783838345025638
13,100.0,0.54718872,2,0.112976023,1.8303490618631248
13,100.0,0.54718872,3,0.160403178,2.578910916092122
13,100.0,0.54718872,4,0.203016095,3.2418175086492336
13,100.0,0.54718872,5,0.241512393,3.8329750604597748
13,273.0,2.94553194,1,0.004363784,0.07196494286769507
13,273.0,2.94553194,2,0.008689648,0.14320237155684964
13,273.0,2.94553194,3,0.012978084,0.21372326038541323
13,273.0,2.94553194,4,0.017229577,0.28353838825045374
13,273.0,2.94553194,5,0.021444601,0.3526582754012858
13,298.15,3.26681706,1,0.004012492,0.06617547687205164
13,298.15,3.26681706,2,0.007992913,0.13173554730985748
13,298.15,3.26681706,3,0.011941645,0.19668874012533744
13,298.15,3.26681706,4,0.015859066,0.26104346079162544
13,298.15,3.26681706,5,0.019745546,0.3248079272826835
13,400.0,4.51618947,1,0.003394593,0.05599056769978215
13,400.0,4.51618947,2,0.006766218,0.1115402707105653
13,400.0,4.51618947,3,0.010115107,0.16665429037317123
13,400.0,4.51618947,4,0.013441488,0.22133771259669224
13,400.0,4.51618947,5,0.016745589,0.27559559430458963
13,500.0,5.67143538,1,0.00330654,0.05453900970460499
13,500.0,5.67143538,2,0.006591286,0.10865967168147671
13,500.0,5.67143538,3,0.009854452,0.16236676844070944
13,500.0,5.67143538,4,0.013096251,0.21566503932793987
13,500.0,5.67143538,5,0.016316891,0.26855911533708404
13,600.0,6.76957788,1,0.003407975,0.056211166930948256
13,600.0,6.76957788,2,0.006792799,0.11197796455296115
13,600.0,6.76957788,3,0.01015471,0.16730568908498616
13,600.0,6.76957788,4,0.013493937,0.2221994584601279
13,600.0,6.76957788,5,0.016810711,0.2766643941182653
13,700.0,7.8187746,1,0.003606595,0.05948525804013753
13,700.0,7.8187746,2,0.007187269,0.11847302142659606
13,700.0,7.8187746,3,0.0107423,0.17696949791654729
13,700.0,7.8187746,4,0.014271962,0.23498079177677733
13,700.0,7.8187746,5,0.017776526,0.29251292116214533
14,77.0,1.42821276,1,8.83e-05,0.0014605268777832963
14,77.0,1.42821276,2,0.000176566,0.0029204487407714875
14,77.0,1.42821276,3,0.000264826,0.004380228740517736
14,77.0,1.42821276,4,0.00035307,0.005839701499400879
14,77.0,1.42821276,5,0.000441299,0.007298883580795663
14,100.0,1.72063242,1,0.00017345,0.0028689107481683104
14,100.0,1.72063242,2,0.00034684,0.005736664556965071
14,100.0,1.72063242,3,0.000520169,0.008603245073396234
14,100.0,1.72063242,4,0.000693439,0.011468685559037088
14,100.0,1.72063242,5,0.000866648,0.014332953123756608
14,273.0,3.70356402,1,0.001082431,0.017901015335792532
14,273.0,3.70356402,2,0.002162521,0.03575692869785105
14,273.0,3.70356402,3,0.003240278,0.05356791716190502
14,273.0,3.70356402,4,0.00431571,0.07133415747909887
14,273.0,3.70356402,5,0.005388823,0.08905579305495018
14,298.15,3.96272565,1,0.001242977,0.0205555454211249
14,298.15,3.96272565,2,0.002482868,0.04105163914289042
14,298.15,3.96272565,3,0.003719685,0.06148854733338509
14,298.15,3.96272565,4,0.004953438,0.08186650257266243
14,298.15,3.96272565,5,0.006184139,0.1021857699508387
14,400.0,4.95481896,1,0.001957662,0.0323707153572332
14,400.0,4.95481896,2,0.003907673,0.0645940905540477
14,400.0,4.95481896,3,0.00585008,0.09667116615859901
14,400.0,4.95481896,4,0.007784926,0.12860291330679255
14,400.0,4.95481896,5,0.009712255,0.1603903163807742
14,500.0,5.85404079,1,0.002752907,0.045514420918457935
14,500.0,5.85404079,2,0.005490699,0.09073787013295599
14,500.0,5.85404079,3,0.0082135,0.13567312663319708
14,500.0,5.85404079,4,0.010921432,0.1803229234637655
14,500.0,5.85404079,5,0.013614618,0.22468999742612494
14,600.0,6.69427668,1,0.003629364,0.05999638467438761
14,600.0,6.69427668,2,0.007232479,0.11948768188670562
14,600.0,6.69427668,3,0.010809629,0.17848024742594729
14,600.0,6.69427668,4,0.014361092,0.23698029931782605
14,600.0,6.69427668,5,0.017887146,0.29499401767497246
14,700.0,7.48305675,1,0.004586639,0.07580893468701919
14,700.0,7.48305675,2,0.009131395,0.15081233311225792
14,700.0,7.48305675,3,0.01363484,0.2250229819286052
14,700.0,7.48305675,4,0.018097535,0.29845338820713113
14,700.0,7.48305675,5,0.022520029,0.3711157663019688
15,77.0,0.13052208,1,0.298784838,4.72540350371958
15,77.0,0.13052208,2,0.460099055,7.095626179935924
15,77.0,0.13052208,3,0.561073816,8.52017567131236
15,77.0,0.13052208,4,0.630229919,9.47088408897343
15,77.0,0.13052208,5,0.68056007,10.150456304050582
15,100.0,0.45431724,1,0.092251559,1.5082618347461143
15,100.0,0.45431724,2,0.168919986,2.7275585307532366
15,100.0,0.45431724,3,0.23364622,3.7336738899237782
15,100.0,0.45431724,4,0.289018902,4.578022119244817
15,100.0,0.45431724,5,0.336928921,5.296714480865401
15,273.0,2.70205806,1,0.006818986,0.1130659165438594
15,273.0,2.70205806,2,0.013545605,0.2243500642237401
15,273.0,2.70205806,3,0.020181721,0.3338942292820585
15,273.0,2.70205806,4,0.026729148,0.4417388984975657
15,273.0,2.70205806,5,0.033189653,0.547923331222045
15,298.15,3.00138033,1,0.006266381,0.103912669220249
15,298.15,3.00138033,2,0.012454715,0.20631939723569048
15,298.15,3.00138033,3,0.018566453,0.30725271729361797
15,298.15,3.00138033,4,0.024603007,0.4067441786738765
15,298.15,3.00138033,5,0.030565757,0.504824477290007
15,400.0,4.16101881,1,0.005297003,0.08785201769744465
15,400.0,4.16101881,2,0.010538185,0.1746264350744253
15,400.0,4.16101881,3,0.015724425,0.26034297871747025
15,400.0,4.16101881,4,0.02085658,0.34502083661965843
15,400.0,4.16101881,5,0.025935494,0.42867881338225455
15,500.0,5.22841332,1,0.005154997,0.0854988290722781
15,500.0,5.22841332,2,0.010257119,0.1699768558234415
15,500.0,5.22841332,3,0.015307175,0.2534522474195602
15,500.0,5.22841332,4,0.020305958,0.33594274940250196
15,500.0,5.22841332,5,0.025254244,0.4174656749110914
15,600.0,6.23870442,1,0.005309498,0.08805906767024842
15,600.0,6.23870442,2,0.010562911,0.17503544815683997
15,600.0,6.23870442,3,0.015761125,0.26094902025583705
15,600.0,6.23870442,4,0.020905005,0.3458191389212452
15,600.0,6.23870442,5,0.025995398,0.42966469163725823
15,700.0,7.20004974,1,0.005615797,0.09313436552150575
15,700.0,7.20004974,2,0.011168871,0.18505808294676085
15,700.0,7.20004974,3,0.016660269,0.275794638627066
15,700.0,7.20004974,4,0.022091011,0.3653668522564278
15,700.0,7.20004974,5,0.027462097,0.45379700135617
16,77.0,1.30082823,1,0.00020298,0.0033298361776570927
16,77.0,1.30082823,2,0.000405877,0.006658089148249881
16,77.0,1.30082823,3,0.000608692,0.009984775607821118
16,77.0,1.30082823,4,0.000811425,0.013309895846952058
16,77.0,1.30082823,5,0.001014076,0.0166334501560589
16,100.0,1.65599889,1,0.000240112,0.003938953365014799
16,100.0,1.65599889,2,0.000480108,0.007875693720575092
16,100.0,1.65599889,3,0.000719989,0.011810237954187468
16,100.0,1.65599889,4,0.000959755,0.015742586547737657
16,100.0,1.65599889,5,0.001199406,0.019672739982787103
16,273.0,4.2607929,1,0.000387772,0.006361109925362328
16,273.0,4.2607929,2,0.000775243,0.01271647388964123
16,273.0,4.2607929,3,0.001162414,0.01906611032871133
16,273.0,4.2607929,4,0.001549285,0.025410021270944022
16,273.0,4.2607929,5,0.001935857,0.0317482251373868
16,298.15,4.61910111,1,0.000410817,0.006739120455347635
16,298.15,4.61910111,2,0.000821297,0.013471805561938508
16,298.15,4.61910111,3,0.001231441,0.02019807413469912
16,298.15,4.61910111,4,0.001641247,0.026917895787558085
16,298.15,4.61910111,5,0.002050717,0.03363130572634687
16,400.0,6.02535102,1,0.000509809,0.00836286830860426
16,400.0,6.02535102,2,0.001019098,0.016715810081187672
16,400.0,6.02535102,3,0.001527868,0.025058846339470562
16,400.0,6.02535102,4,0.002036121,0.033392014481960906
16,400.0,6.02535102,5,0.002543856,0.04171530270389748
16,500.0,7.34061198,1,0.000617855,0.010135067095586715
16,500.0,7.34061198,2,0.001234948,0.02025558423710679
16,500.0,7.34061198,3,0.001851278,0.030361543241112458
16,500.0,7.34061198,4,0.002466849,0.040453017883301925
16,500.0,7.34061198,5,0.003081661,0.05053001631737328
16,600.0,8.60190708,1,0.000734817,0.012053437642152848
16,600.0,8.60190708,2,0.001468554,0.024086260744411152
16,600.0,8.60190708,3,0.002201215,0.036098548715645606
16,600.0,8.60190708,4,0.002932802,0.04809034809421496
16,600.0,8.60190708,5,0.003663316,0.06006168897314833
16,700.0,9.81488391,1,0.000861048,0.014123752552724713
16,700.0,9.81488391,2,0.001720615,0.02821923353357926
16,700.0,9.81488391,3,0.002578704,0.042286514341559465
16,700.0,9.81488391,4,0.003435319,0.05632568265355736
16,700.0,9.81488391,5,0.004290464,0.07033682601955121
17,77.0,0.2572791,1,0.156887193,2.509758136718731
17,77.0,0.2572791,2,0.271222974,4.260878423050272
17,77.0,0.2572791,3,0.35825145,5.552175025250633
17,77.0,0.2572791,4,0.426711883,6.543744636932184
17,77.0,0.2572791,5,0.48197386,7.329091376193006
17,100.0,0.6149598,1,0.043317455,0.7057812657596424
17,100.0,0.6149598,2,0.083037918,1.3442562273596423
17,100.0,0.6149598,3,0.11959156,1.9246146381527316
17,100.0,0.6149598,4,0.153342587,2.4544460776878574
17,100.0,0.6149598,5,0.184601419,2.940073735489338
17,273.0,3.22853895,1,0.002594506,0.04255524109102583
17,273.0,3.22853895,2,0.005175583,0.08485429588126313
17,273.0,3.22853895,3,0.007743336,0.1268994873167906
17,273.0,3.22853895,4,0.010297869,0.1686931118452222
17,273.0,3.22853895,5,0.012839281,0.21023737423831018
17,298.15,3.58684716,1,0.002341717,0.03841057354201101
17,298.15,3.58684716,2,0.004672491,0.07661236217528311
17,298.15,3.58684716,3,0.006992401,0.11460710407846705
17,298.15,3.58684716,4,0.009301522,0.1523964651613292
17,298.15,3.58684716,5,0.011599928,0.18998208842163722
17,400.0,4.98744948,1,0.001879065,0.030824152555255162
17,400.0,4.98744948,2,0.003751082,0.06151379984177345
17,400.0,4.98744948,3,0.00561609,0.09206981085277843
17,400.0,4.98744948,4,0.007474128,0.12249305181306255
17,400.0,4.98744948,5,0.009325235,0.15278438620164755
17,500.0,6.29455281,1,0.001768709,0.029014399717109274
17,500.0,6.29455281,2,0.003531172,0.057909595507442055
17,500.0,6.29455281,3,0.005287423,0.08668633641225061
17,500.0,6.29455281,4,0.007037494,0.11534533649998145
17,500.0,6.29455281,5,0.008781418,0.1438873240627569
17,600.0,7.54580775,1,0.001780083,0.0292009275272041
17,600.0,7.54580775,2,0.00355384,0.05828112361701461
17,600.0,7.54580775,3,0.005321304,0.08724132463033658
17,600.0,7.54580775,4,0.007082509,0.11608228107381934
17,600.0,7.54580775,5,0.008837489,0.1448047412084736
17,700.0,8.74874442,1,0.001851348,0.030369621406736408
17,700.0,8.74874442,2,0.003695854,0.060608667645513946
17,700.0,8.74874442,3,0.005533556,0.09071798133980402
17,700.0,8.74874442,4,0.00736449,0.12069836973743941
17,700.0,8.74874442,5,0.009188695,0.15055068662816706
18,77.0,8.73995928,1,1.55e-25,2.5406943653955604e-24
18,77.0,8.73995928,2,3.11e-25,5.09778030734206e-24
18,77.0,8.73995928,3,4.66e-25,7.638474672737621e-24
18,77.0,8.73995928,4,6.21e-25,1.0179169038133183e-23
18,77.0,8.73995928,5,7.77e-25,1.2736254980079683e-23
18,100.0,9.12274038,1,1.15e-20,1.8850313033579969e-19
18,100.0,9.12274038,2,2.3e-20,3.7700626067159937e-19
18,100.0,9.12274038,3,3.45e-20,5.65509391007399e-19
18,100.0,9.12274038,4,4.6e-20,7.540125213431987e-19
18,100.0,9.12274038,5,5.75e-20,9.425156516789984e-19
18,273.0,11.92520004,1,2.83e-10,4.6388161637005804e-09
18,273.0,11.92520004,2,5.67e-10,9.294023903518682e-09
18,273.0,11.92520004,3,8.5e-10,1.3932840066356996e-08
18,273.0,11.92520004,4,1.13e-09,1.8522481499130364e-08
18,273.0,11.92520004,5,1.42e-09,2.3276038696915784e-08
18,298.15,12.31049118,1,9.45e-10,1.5490039838238036e-08
18,298.15,12.31049118,2,1.89e-09,3.098007967167725e-08
18,298.15,12.31049118,3,2.83e-09,4.638816161763904e-08
18,298.15,12.31049118,4,3.78e-09,6.196015932415918e-08
18,298.15,12.31049118,5,4.72e-09,7.736824126057412e-08
18,400.0,13.82279028,1,2.8e-08,4.58964141319814e-07
18,400.0,13.82279028,2,5.6e-08,9.179282784266664e-07
18,400.0,13.82279028,3,8.4e-08,1.3768924113205573e-06
18,400.0,13.82279028,4,1.12e-07,1.8358565400014865e-06
18,400.0,13.82279028,5,1.4e-07,2.294820664469455e-06
18,500.0,15.24096288,1,2.18e-07,3.573363560415449e-06
18,500.0,15.24096288,2,4.35e-07,7.1303352912416606e-06
18,500.0,15.24096288,3,6.53e-07,1.070369834207153e-05
18,500.0,15.24096288,4,8.7e-07,1.4260669565649765e-05
18,500.0,15.24096288,5,1.09e-06,1.7866815248292178e-05
18,600.0,16.60328709,1,8.95e-07,1.4670458860866547e-05
18,600.0,16.60328709,2,1.79e-06,2.9340913417286466e-05
18,600.0,16.60328709,3,2.68e-06,4.3929405858581334e-05
18,600.0,16.60328709,4,3.58e-06,5.868180961679398e-05
18,600.0,16.60328709,5,4.47e-06,7.327029349729938e-05
18,700.0,17.91917556,1,2.54e-06,4.163458710498966e-05
18,700.0,17.91917556,2,5.08e-06,8.326913954121688e-05
18,700.0,17.91917556,3,7.62e-06,0.000124903657308725
18,700.0,17.91917556,4,1.02e-05,0.00016719380128143958
18,700.0,17.91917556,5,1.27e-05,0.00020817258883775708
19,77.0,0.00564759,1,0.490772899,7.457123039701841
19,77.0,0.00564759,2,0.658414034,9.755865475158267
19,77.0,0.00564759,3,0.743015225,10.873119447289811
19,77.0,0.00564759,4,0.794028536,11.533537022275334
19,77.0,0.00564759,5,0.828143314,11.969752304932275
19,100.0,0.44678712,1,0.09547451,1.5434053047993244
19,100.0,0.44678712,2,0.174307132,2.782326677667601
19,100.0,0.44678712,3,0.240500244,3.7987774573734985
19,100.0,0.44678712,4,0.296868047,4.647743682959345
19,100.0,0.44678712,5,0.345447013,5.36747007977882
19,273.0,3.96084312,1,0.000673901,0.011063582770271235
19,273.0,3.96084312,2,0.001346895,0.022109832272239806
19,273.0,3.96084312,3,0.002018983,0.033138775591504355
19,273.0,3.96084312,4,0.002690166,0.044150439779019626
19,273.0,3.96084312,5,0.003360448,0.05514490105399115
19,298.15,4.46912622,1,0.000529104,0.008686624675605374
19,298.15,4.46912622,2,0.001057649,0.017362565278138987
19,298.15,4.46912622,3,0.001585634,0.026027810566214556
19,298.15,4.46912622,4,0.002113062,0.03468241493274734
19,298.15,4.46912622,5,0.002639933,0.04332638351447367
19,400.0,6.49347348,1,0.000282953,0.004645600572023381
19,400.0,6.49347348,2,0.000565746,0.009288142973786568
19,400.0,6.49347348,3,0.000848379,0.013927627997054395
19,400.0,6.49347348,4,0.001130852,0.01856405643296288
19,400.0,6.49347348,5,0.001413166,0.023197445483442082
19,500.0,8.42934183,1,0.000206606,0.003392156941281974
19,500.0,8.42934183,2,0.000413126,0.006782671909986086
19,500.0,8.42934183,3,0.000619562,0.010171578048136173
19,500.0,8.42934183,4,0.000825912,0.013558842830329295
19,500.0,8.42934183,5,0.001032176,0.016944466566832003
19,600.0,10.31689191,1,0.000174457,0.002864334274848356
19,600.0,10.31689191,2,0.000348853,0.005727503019524455
19,600.0,10.31689191,3,0.000523188,0.008589506420163375
19,600.0,10.31689191,4,0.000697462,0.011450344662808858
19,600.0,10.31689191,5,0.000871676,0.014310034347753743
19,700.0,12.16177131,1,0.000159419,0.0026174382982266545
19,700.0,12.16177131,2,0.000318787,0.005233902297034716
19,700.0,12.16177131,3,0.000478105,0.007849408555085846
19,700.0,12.16177131,4,0.000637372,0.010463940796337511
19,700.0,12.16177131,5,0.000796588,0.013077499162863078
20,77.0,-38.89432482,1,1.0,14.100677301494708
20,77.0,-38.89432482,2,1.0,14.100677301494708
20,77.0,-38.89432482,3,1.0,14.100677301494708
20,77.0,-38.89432482,4,1.0,14.100677301494708
20,77.0,-38.89432482,5,1.0,14.100677301494708
20,100.0,-38.49209091,1,1.0,14.100677301494708
20,100.0,-38.49209091,2,1.0,14.100677301494708
20,100.0,-38.49209091,3,1.0,14.100677301494708
20,100.0,-38.49209091,4,1.0,14.100677301494708
20,100.0,-38.49209091,5,1.0,14.100677301494708
20,273.0,-35.51455596,1,1.0,14.100677301494708
20,273.0,-35.51455596,2,1.0,14.100677301494708
20,273.0,-35.51455596,3,1.0,14.100677301494708
20,273.0,-35.51455596,4,1.0,14.100677301494708
20,273.0,-35.51455596,5,1.0,14.100677301494708
20,298.15,-35.10228189,1,1.0,14.100677301494708
20,298.15,-35.10228189,2,1.0,14.100677301494708
20,298.15,-35.10228189,3,1.0,14.100677301494708
20,298.15,-35.10228189,4,1.0,14.100677301494708
20,298.15,-35.10228189,5,1.0,14.100677301494708
20,400.0,-33.4839336,1,1.0,14.100677301494708
20,400.0,-33.4839336,2,1.0,14.100677301494708
20,400.0,-33.4839336,3,1.0,14.100677301494708
20,400.0,-33.4839336,4,1.0,14.100677301494708
20,400.0,-33.4839336,5,1.0,14.100677301494708
20,500.0,-31.9653594,1,1.0,14.100677301494708
20,500.0,-31.9653594,2,1.0,14.100677301494708
20,500.0,-31.9653594,3,1.0,14.100677301494708
20,500.0,-31.9653594,4,1.0,14.100677301494708
20,500.0,-31.9653594,5,1.0,14.100677301494708
20,600.0,-30.50137857,1,1.0,14.100677301494708
20,600.0,-30.50137857,2,1.0,14.100677301494708
20,600.0,-30.50137857,3,1.0,14.100677301494708
20,600.0,-30.50137857,4,1.0,14.100677301494708
20,600.0,-30.50137857,5,1.0,14.100677301494708
20,700.0,-29.08571601,1,0.999999999,14.100677289382318
20,700.0,-29.08571601,2,1.0,14.100677301494708
20,700.0,-29.08571601,3,1.0,14.100677301494708
20,700.0,-29.08571601,4,1.0,14.100677301494708
20,700.0,-29.08571601,5,1.0,14.100677301494708
21,77.0,0.38529114,1,0.074588014,1.209846970973505
21,77.0,0.38529114,2,0.138821601,2.2285222157192033
21,77.0,0.38529114,3,0.194716942,3.0980194058345503
21,77.0,0.38529114,4,0.243798678,3.8488720111950423
21,77.0,0.38529114,5,0.287241098,4.503812990010062
21,100.0,0.78878007,1,0.018529218,0.30330919315105165
21,100.0,0.78878007,2,0.036384264,0.5938470462701974
21,100.0,0.78878007,3,0.053601274,0.872403557245999
21,100.0,0.78878007,4,0.070213848,1.1397049038124158
21,100.0,0.78878007,5,0.086253266,1.396419718598429
21,273.0,3.75439233,1,0.000985708,0.01618175937230002
21,273.0,3.75439233,2,0.001969475,0.03232643386135755
21,273.0,3.75439233,3,0.002951306,0.048434138872711946
21,273.0,3.75439233,4,0.003931208,0.06450502240980276
21,273.0,3.75439233,5,0.004909185,0.08053918305917068
21,298.15,4.16478387,1,0.000884086,0.014513735897034755
21,298.15,4.16478387,2,0.001766609,0.028997611364292533
21,298.15,4.16478387,3,0.002647575,0.04345174895139194
21,298.15,4.16478387,4,0.003526988,0.05787623823437533
21,298.15,4.16478387,5,0.004404851,0.07227115225899307
21,400.0,5.77622955,1,0.00069735,0.011448506151489
21,400.0,5.77622955,2,0.001393728,0.02287843923527893
21,400.0,5.77622955,3,0.002089136,0.034289843906139185
21,400.0,5.77622955,4,0.002783576,0.045682764765747695
21,400.0,5.77622955,5,0.00347705,0.05705724636285294
21,500.0,7.29103869,1,0.000649446,0.01066214239673951
21,500.0,7.29103869,2,0.00129805,0.021308192472181717
21,500.0,7.29103869,3,0.001945812,0.03193815977990299
21,500.0,7.29103869,4,0.002592734,0.04255208666621746
21,500.0,7.29103869,5,0.003238819,0.053150031833824156
21,600.0,8.75125446,1,0.000648354,0.010644216625875167
21,600.0,8.75125446,2,0.001295868,0.02127238138209115
21,600.0,8.75125446,3,0.001942544,0.03188453659995323
21,600.0,8.75125446,4,0.002588382,0.042480691755444444
21,600.0,8.75125446,5,0.003233386,0.053060921913804744
21,700.0,10.16377947,1,0.000670149,0.011001992127780372
21,700.0,10.16377947,2,0.0013394,0.02198682583312663
21,700.0,10.16377947,3,0.002007756,0.03295456085247949
21,700.0,10.16377947,4,0.002675217,0.04390520764549177
21,700.0,10.16377947,5,0.003341787,0.054838842256316675
22,77.0,54.06939915,1,3.32e-154,5.443995282443369e-153
22,77.0,54.06939915,2,6.65e-154,1.0904388141038677e-152
22,77.0,54.06939915,3,9.970000000000001e-154,1.6348383423482048e-152
22,77.0,54.06939915,4,1.33e-153,2.1808776282077353e-152
22,77.0,54.06939915,5,1.66e-153,2.721997641221685e-152
22,100.0,54.47665314,1,8.54e-120,1.4003530033754931e-118
22,100.0,54.47665314,2,1.71e-119,2.803985521981374e-118
22,100.0,54.47665314,3,2.56e-119,4.197779494896092e-118
22,100.0,54.47665314,4,3.42e-119,5.607971043962748e-118
22,100.0,54.47665314,5,4.2699999999999997e-119,7.0017650168774666e-118
22,273.0,57.53827443,1,8.59e-47,1.4085517914514623e-45
22,273.0,57.53827443,2,1.72e-46,2.820383098133312e-45
22,273.0,57.53827443,3,2.58e-46,4.230574647199968e-45
22,273.0,57.53827443,4,3.44e-46,5.640766196266624e-45
22,273.0,57.53827443,5,4.2899999999999995e-46,7.03456016918134e-45
22,298.15,57.95870613,1,3.2500000000000004e-43,5.329212249379804e-42
22,298.15,57.95870613,2,6.500000000000001e-43,1.0658424498759608e-41
22,298.15,57.95870613,3,9.74e-43,1.5971239171987476e-41
22,298.15,57.95870613,4,1.2999999999999998e-42,2.1316848997519213e-41
22,298.15,57.95870613,5,1.62e-42,2.656407336613933e-41
22,400.0,59.60027229,1,2.71e-33,4.443743137175159e-32
22,400.0,59.60027229,2,5.42e-33,8.887486274350319e-32
22,400.0,59.60027229,3,8.130000000000001e-33,1.3331229411525484e-31
22,400.0,59.60027229,4,1.08e-32,1.7709382244092888e-31
22,400.0,59.60027229,5,1.36e-32,2.230070356663549e-31
22,500.0,61.13076918,1,1.89e-27,3.0991418927162556e-26
22,500.0,61.13076918,2,3.7900000000000005e-27,6.214681361584449e-26
22,500.0,61.13076918,3,5.6800000000000006e-27,9.313823254300706e-26
22,500.0,61.13076918,4,7.580000000000001e-27,1.2429362723168898e-25
22,500.0,61.13076918,5,9.470000000000001e-27,1.5528504615885155e-25
22,600.0,62.59600503,1,1.5799999999999998e-23,2.5908170320061813e-22
22,600.0,62.59600503,2,3.1499999999999995e-23,5.1652364878604245e-22
22,600.0,62.59600503,3,4.7299999999999996e-23,7.756053519866607e-22
22,600.0,62.59600503,4,6.299999999999999e-23,1.0330472975720849e-21
22,600.0,62.59600503,5,7.879999999999999e-23,1.2921290007727032e-21
22,700.0,64.00539249,1,1.04e-20,1.7053479198015375e-19
22,700.0,64.00539249,2,2.07e-20,3.3942982634511376e-19
22,700.0,64.00539249,3,3.11e-20,5.099646183252673e-19
22,700.0,64.00539249,4,4.14e-20,6.788596526902275e-19
22,700.0,64.00539249,5,5.18e-20,8.4939444467038115e-19
23,77.0,-45.94879224,1,1.0,14.134226070495856
23,77.0,-45.94879224,2,1.0,14.134226070495856
23,77.0,-45.94879224,3,1.0,14.134226070495856
23,77.0,-45.94879224,4,1.0,14.134226070495856
23,77.0,-45.94879224,5,1.0,14.134226070495856
23,100.0,-45.69214065,1,1.0,14.134226070495856
23,100.0,-45.69214065,2,1.0,14.134226070495856
23,100.0,-45.69214065,3,1.0,14.134226070495856
23,100.0,-45.69214065,4,1.0,14.134226070495856
23,100.0,-45.69214065,5,1.0,14.134226070495856
23,273.0,-44.19176424,1,1.0,14.134226070495856
23,273.0,-44.19176424,2,1.0,14.134226070495856
23,273.0,-44.19176424,3,1.0,14.134226070495856
23,273.0,-44.19176424,4,1.0,14.134226070495856
23,273.0,-44.19176424,5,1.0,14.134226070495856
23,298.15,-44.02861164,1,1.0,14.134226070495856
23,298.15,-44.02861164,2,1.0,14.134226070495856
23,298.15,-44.02861164,3,1.0,14.134226070495856
23,298.15,-44.02861164,4,1.0,14.134226070495856
23,298.15,-44.02861164,5,1.0,14.134226070495856
23,400.0,-43.47138276,1,1.0,14.134226070495856
23,400.0,-43.47138276,2,1.0,14.134226070495856
23,400.0,-43.47138276,3,1.0,14.134226070495856
23,400.0,-43.47138276,4,1.0,14.134226070495856
23,400.0,-43.47138276,5,1.0,14.134226070495856
23,500.0,-43.0597362,1,1.0,14.134226070495856
23,500.0,-43.0597362,2,1.0,14.134226070495856
23,500.0,-43.0597362,3,1.0,14.134226070495856
23,500.0,-43.0597362,4,1.0,14.134226070495856
23,500.0,-43.0597362,5,1.0,14.134226070495856
23,600.0,-42.75288381,1,1.0,14.134226070495856
23,600.0,-42.75288381,2,1.0,14.134226070495856
23,600.0,-42.75288381,3,1.0,14.134226070495856
23,600.0,-42.75288381,4,1.0,14.134226070495856
23,600.0,-42.75288381,5,1.0,14.134226070495856
23,700.0,-42.53137278,1,1.0,14.134226070495856
23,700.0,-42.53137278,2,1.0,14.134226070495856
23,700.0,-42.53137278,3,1.0,14.134226070495856
23,700.0,-42.53137278,4,1.0,14.134226070495856
23,700.0,-42.53137278,5,1.0,14.134226070495856
24,77.0,-72.13478454,1,1.0,14.185804241530759
24,77.0,-72.13478454,2,1.0,14.185804241530759
24,77.0,-72.13478454,3,1.0,14.185804241530759
24,77.0,-72.13478454,4,1.0,14.185804241530759
24,77.0,-72.13478454,5,1.0,14.185804241530759
24,100.0,-71.89005564,1,1.0,14.185804241530759
24,100.0,-71.89005564,2,1.0,14.185804241530759
24,100.0,-71.89005564,3,1.0,14.185804241530759
24,100.0,-71.89005564,4,1.0,14.185804241530759
24,100.0,-71.89005564,5,1.0,14.185804241530759
24,273.0,-70.12361499,1,1.0,14.185804241530759
24,273.0,-70.12361499,2,1.0,14.185804241530759
24,273.0,-70.12361499,3,1.0,14.185804241530759
24,273.0,-70.12361499,4,1.0,14.185804241530759
24,273.0,-70.12361499,5,1.0,14.185804241530759
24,298.15,-69.97301259,1,1.0,14.185804241530759
24,298.15,-69.97301259,2,1.0,14.185804241530759
24,298.15,-69.97301259,3,1.0,14.185804241530759
24,298.15,-69.97301259,4,1.0,14.185804241530759
24,298.15,-69.97301259,5,1.0,14.185804241530759
24,400.0,-69.34424757,1,1.0,14.185804241530759
24,400.0,-69.34424757,2,1.0,14.185804241530759
24,400.0,-69.34424757,3,1.0,14.185804241530759
24,400.0,-69.34424757,4,1.0,14.185804241530759
24,400.0,-69.34424757,5,1.0,14.185804241530759
24,500.0,-68.91440322,1,1.0,14.185804241530759
24,500.0,-68.91440322,2,1.0,14.185804241530759
24,500.0,-68.91440322,3,1.0,14.185804241530759
24,500.0,-68.91440322,4,1.0,14.185804241530759
24,500.0,-68.91440322,5,1.0,14.185804241530759
24,600.0,-68.66088918,1,1.0,14.185804241530759
24,600.0,-68.66088918,2,1.0,14.185804241530759
24,600.0,-68.66088918,3,1.0,14.185804241530759
24,600.0,-68.66088918,4,1.0,14.185804241530759
24,600.0,-68.66088918,5,1.0,14.185804241530759
24,700.0,-68.43498558,1,1.0,14.185804241530759
24,700.0,-68.43498558,2,1.0,14.185804241530759
24,700.0,-68.43498558,3,1.0,14.185804241530759
24,700.0,-68.43498558,4,1.0,14.185804241530759
24,700.0,-68.43498558,5,1.0,14.185804241530759
25,77.0,-60.0715323,1,1.0,14.212696957947054
25,77.0,-60.0715323,2,1.0,14.212696957947054
25,77.0,-60.0715323,3,1.0,14.212696957947054
25,77.0,-60.0715323,4,1.0,14.212696957947054
25,77.0,-60.0715323,5,1.0,14.212696957947054
25,100.0,-59.76530742,1,1.0,14.212696957947054
25,100.0,-59.76530742,2,1.0,14.212696957947054
25,100.0,-59.76530742,3,1.0,14.212696957947054
25,100.0,-59.76530742,4,1.0,14.212696957947054
25,100.0,-59.76530742,5,1.0,14.212696957947054
25,273.0,-58.32579948,1,1.0,14.212696957947054
25,273.0,-58.32579948,2,1.0,14.212696957947054
25,273.0,-58.32579948,3,1.0,14.212696957947054
25,273.0,-58.32579948,4,1.0,14.212696957947054
25,273.0,-58.32579948,5,1.0,14.212696957947054
25,298.15,-58.22100531,1,1.0,14.212696957947054
25,298.15,-58.22100531,2,1.0,14.212696957947054
25,298.15,-58.22100531,3,1.0,14.212696957947054
25,298.15,-58.22100531,4,1.0,14.212696957947054
25,298.15,-58.22100531,5,1.0,14.212696957947054
25,400.0,-57.74911779,1,1.0,14.212696957947054
25,400.0,-57.74911779,2,1.0,14.212696957947054
25,400.0,-57.74911779,3,1.0,14.212696957947054
25,400.0,-57.74911779,4,1.0,14.212696957947054
25,400.0,-57.74911779,5,1.0,14.212696957947054
25,500.0,-57.53325435,1,1.0,14.212696957947054
25,500.0,-57.53325435,2,1.0,14.212696957947054
25,500.0,-57.53325435,3,1.0,14.212696957947054
25,500.0,-57.53325435,4,1.0,14.212696957947054
25,500.0,-57.53325435,5,1.0,14.212696957947054
25,600.0,-57.34751139,1,1.0,14.212696957947054
25,600.0,-57.34751139,2,1.0,14.212696957947054
25,600.0,-57.34751139,3,1.0,14.212696957947054
25,600.0,-57.34751139,4,1.0,14.212696957947054
25,600.0,-57.34751139,5,1.0,14.212696957947054
25,700.0,-57.41151741,1,1.0,14.212696957947054
25,700.0,-57.41151741,2,1.0,14.212696957947054
25,700.0,-57.41151741,3,1.0,14.212696957947054
25,700.0,-57.41151741,4,1.0,14.212696957947054
25,700.0,-57.41151741,5,1.0,14.212696957947054
26,77.0,0.98205315,1,0.001628136,0.027054170609656893
26,77.0,0.98205315,2,0.003250979,0.054005825946969885
26,77.0,0.98205315,3,0.004868555,0.0808555514273663
26,77.0,0.98205315,4,0.006480889,0.10760391425161765
26,77.0,0.98205315,5,0.008088007,0.13425149661484465
26,100.0,1.27070775,1,0.001666924,0.027698518813783955
26,100.0,1.27070775,2,0.0033283,0.05528958560648091
26,100.0,1.27070775,3,0.004984156,0.0827738302072194
26,100.0,1.27070775,4,0.006634518,0.110151847482786
26,100.0,1.27070775,5,0.008279415,0.13742428031881634
26,273.0,3.23481405,1,0.002564742,0.04261079568675729
26,273.0,3.23481405,2,0.005116361,0.08496754487567232
26,273.0,3.23481405,3,0.007654959,0.12707253824972697
26,273.0,3.23481405,4,0.010180634,0.16892799023947544
26,273.0,3.23481405,5,0.012693486,0.21053613871906524
26,298.15,3.49334817,1,0.00274096,0.04553716017291867
26,298.15,3.49334817,2,0.005466936,0.0907842678715046
26,298.15,3.49334817,3,0.00817805,0.13574407670441774
26,298.15,3.49334817,4,0.010874423,0.18041931084876012
26,298.15,3.49334817,5,0.013556175,0.22481266527777008
26,400.0,4.49171658,1,0.003500371,0.05814636005430738
26,400.0,4.49171658,2,0.006976323,0.11582020883118486
26,400.0,4.49171658,3,0.01042811,0.17302727208998755
26,400.0,4.49171658,4,0.013855982,0.22977317535343497
26,400.0,4.49171658,5,0.017260189,0.2860635109051411
26,500.0,5.40411612,1,0.004323003,0.07180168731035011
26,500.0,5.40411612,2,0.008608789,0.14288351990649817
26,500.0,5.40411612,3,0.012857839,0.21325630987881794
26,500.0,5.40411612,4,0.017070621,0.2829305754162448
26,500.0,5.40411612,5,0.021247599,0.3519166923190454
26,600.0,6.2625498,1,0.005204904,0.08643670986404485
26,600.0,6.2625498,2,0.010355906,0.17183129373708228
26,600.0,6.2625498,3,0.01545384,0.25620250183410403
26,600.0,6.2625498,4,0.020499521,0.3395686061569918
26,600.0,6.2625498,5,0.025493748,0.42194745624343716
26,700.0,7.07517525,1,0.006140067,0.10195092559471942
26,700.0,7.07517525,2,0.012205194,0.20245364793627535
26,700.0,7.07517525,3,0.018196744,0.3015387960348772
26,700.0,7.07517525,4,0.024116047,0.39923613881994247
26,700.0,7.07517525,5,0.029964404,0.49557466460965194
27,77.0,-15.85215762,1,1.0,14.126426613178708
27,77.0,-15.85215762,2,1.0,14.126426613178708
27,77.0,-15.85215762,3,1.0,14.126426613178708
27,77.0,-15.85215762,4,1.0,14.126426613178708
27,77.0,-15.85215762,5,1.0,14.126426613178708
27,100.0,-15.41352813,1,1.0,14.126426613178708
27,100.0,-15.41352813,2,1.0,14.126426613178708
27,100.0,-15.41352813,3,1.0,14.126426613178708
27,100.0,-15.41352813,4,1.0,14.126426613178708
27,100.0,-15.41352813,5,1.0,14.126426613178708
27,273.0,-12.20820705,1,1.0,14.126426613178708
27,273.0,-12.20820705,2,1.0,14.126426613178708
27,273.0,-12.20820705,3,1.0,14.126426613178708
27,273.0,-12.20820705,4,1.0,14.126426613178708
27,273.0,-12.20820705,5,1.0,14.126426613178708
27,298.15,-11.77083258,1,0.999999998,14.126426588916974
27,298.15,-11.77083258,2,0.999999999,14.126426601047843
27,298.15,-11.77083258,3,0.999999999,14.126426601047843
27,298.15,-11.77083258,4,0.999999999,14.126426601047843
27,298.15,-11.77083258,5,1.0,14.126426613178708
27,400.0,-10.06212285,1,0.999996824,14.1263880855268
27,400.0,-10.06212285,2,0.999998412,14.126407349357075
27,400.0,-10.06212285,3,0.999998941,14.12641376658829
27,400.0,-10.06212285,4,0.999999206,14.12641698126897
27,400.0,-10.06212285,5,0.999999365,14.126418910077266
27,500.0,-8.4651099,1,0.999800699,14.124008851120113
27,500.0,-8.4651099,2,0.999900339,14.12521762178944
27,500.0,-8.4651099,3,0.999933557,14.125620594395752
27,500.0,-8.4651099,4,0.999950167,14.125822091411717
27,500.0,-8.4651099,5,0.999960133,14.125942989167415
27,600.0,-6.93210297,1,0.997025045,14.090322655914445
27,600.0,-6.93210297,2,0.998510307,14.108351541316175
27,600.0,-6.93210297,3,0.999006378,14.114371424420035
27,600.0,-6.93210297,4,0.999254598,14.117383288163149
27,600.0,-6.93210297,5,0.99940359,14.11919103298973
27,700.0,-5.45055186,1,0.98052054,13.889471827648473
27,700.0,-5.45055186,2,0.990164475,14.00694715859944
27,700.0,-5.45055186,3,0.993421415,14.046548439056606
27,700.0,-5.45055186,4,0.995057933,14.06643317042219
27,700.0,-5.45055186,5,0.996042435,14.078391062359344
28,77.0,-67.59161214,1,1.0,14.12830011555192
28,77.0,-67.59161214,2,1.0,14.12830011555192
28,77.0,-67.59161214,3,1.0,14.12830011555192
28,77.0,-67.59161214,4,1.0,14.12830011555192
28,77.0,-67.59161214,5,1.0,14.12830011555192
28,100.0,-67.22702883,1,1.0,14.12830011555192
28,100.0,-67.22702883,2,1.0,14.12830011555192
28,100.0,-67.22702883,3,1.0,14.12830011555192
28,100.0,-67.22702883,4,1.0,14.12830011555192
28,100.0,-67.22702883,5,1.0,14.12830011555192
28,273.0,-64.83558822,1,1.0,14.12830011555192
28,273.0,-64.83558822,2,1.0,14.12830011555192
28,273.0,-64.83558822,3,1.0,14.12830011555192
28,273.0,-64.83558822,4,1.0,14.12830011555192
28,273.0,-64.83558822,5,1.0,14.12830011555192
28,298.15,-64.54818864,1,1.0,14.12830011555192
28,298.15,-64.54818864,2,1.0,14.12830011555192
28,298.15,-64.54818864,3,1.0,14.12830011555192
28,298.15,-64.54818864,4,1.0,14.12830011555192
28,298.15,-64.54818864,5,1.0,14.12830011555192
28,400.0,-63.50840457,1,1.0,14.12830011555192
28,400.0,-63.50840457,2,1.0,14.12830011555192
28,400.0,-63.50840457,3,1.0,14.12830011555192
28,400.0,-63.50840457,4,1.0,14.12830011555192
28,400.0,-63.50840457,5,1.0,14.12830011555192
28,500.0,-62.65310844,1,1.0,14.12830011555192
28,500.0,-62.65310844,2,1.0,14.12830011555192
28,500.0,-62.65310844,3,1.0,14.12830011555192
28,500.0,-62.65310844,4,1.0,14.12830011555192
28,500.0,-62.65310844,5,1.0,14.12830011555192
28,600.0,-61.92645186,1,1.0,14.12830011555192
28,600.0,-61.92645186,2,1.0,14.12830011555192
28,600.0,-61.92645186,3,1.0,14.12830011555192
28,600.0,-61.92645186,4,1.0,14.12830011555192
28,600.0,-61.92645186,5,1.0,14.12830011555192
28,700.0,-61.30521696,1,1.0,14.12830011555192
28,700.0,-61.30521696,2,1.0,14.12830011555192
28,700.0,-61.30521696,3,1.0,14.12830011555192
28,700.0,-61.30521696,4,1.0,14.12830011555192
28,700.0,-61.30521696,5,1.0,14.12830011555192
29,77.0,-9.44465301,1,1.0,14.118635758806638
29,77.0,-9.44465301,2,1.0,14.118635758806638
29,77.0,-9.44465301,3,1.0,14.118635758806638
29,77.0,-9.44465301,4,1.0,14.118635758806638
29,77.0,-9.44465301,5,1.0,14.118635758806638
29,100.0,-9.10015002,1,1.0,14.118635758806638
29,100.0,-9.10015002,2,1.0,14.118635758806638
29,100.0,-9.10015002,3,1.0,14.118635758806638
29,100.0,-9.10015002,4,1.0,14.118635758806638
29,100.0,-9.10015002,5,1.0,14.118635758806638
29,273.0,-6.64344837,1,0.999995201,14.118577569562879
29,273.0,-6.64344837,2,0.9999976,14.118606658131974
29,273.0,-6.64344837,3,0.9999984,14.118616358359054
29,273.0,-6.64344837,4,0.9999988,14.11862120847177
29,273.0,-6.64344837,5,0.99999904,14.118624118539138
29,298.15,-6.31337811,1,0.999976462,14.118350353088097
29,298.15,-6.31337811,2,0.999988231,14.118493056184485
29,298.15,-6.31337811,3,0.999992154,14.118540623777895
29,298.15,-6.31337811,4,0.999994115,14.118564401492195
29,298.15,-6.31337811,5,0.999995292,14.11857867296457
29,400.0,-5.02698261,1,0.99821195,14.096949682651042
29,400.0,-5.02698261,2,0.999105175,14.107784386882742
29,400.0,-5.02698261,3,0.999403272,14.11139965687132
29,400.0,-5.02698261,4,0.999552387,14.113207984173732
29,400.0,-5.02698261,5,0.999641878,14.114293210788507
29,500.0,-3.83659614,1,0.979400971,13.868138303993947
29,500.0,-3.83659614,2,0.989593301,13.992265977667959
29,500.0,-3.83659614,3,0.993038051,14.034137142295682
29,500.0,-3.83659614,4,0.994769434,14.055166826353114
29,500.0,-3.83659614,5,0.995811165,14.06781491834828
29,600.0,-2.70519561,1,0.906283567,12.967061008678558
29,600.0,-2.70519561,2,0.950838146,13.518368214247895
29,600.0,-2.70519561,3,0.966679397,13.712704548862467
29,600.0,-2.70519561,4,0.974799625,13.811983177085324
29,600.0,-2.70519561,5,0.979737576,13.872243381222676
29,700.0,-1.62336837,1,0.762626802,11.140615018349925
29,700.0,-1.62336837,2,0.86532986,12.45407371290584
29,700.0,-1.62336837,3,0.906000254,12.963532873584796
29,700.0,-1.62336837,4,0.927803579,13.234219164885754
29,700.0,-1.62336837,5,0.941396673,13.402125789172766
30,77.0,175.2371876,1,0.0,0.0
30,77.0,175.2371876,2,0.0,0.0
30,77.0,175.2371876,3,0.0,0.0
30,77.0,175.2371876,4,0.0,0.0
30,77.0,175.2371876,5,0.0,0.0
30,100.0,175.6971524,1,0.0,0.0
30,100.0,175.6971524,2,0.0,0.0
30,100.0,175.6971524,3,0.0,0.0
30,100.0,175.6971524,4,0.0,0.0
30,100.0,175.6971524,5,0.0,0.0
30,273.0,179.4314644,1,2.21e-144,3.637845230561963e-143
30,273.0,179.4314644,2,4.42e-144,7.275690461123926e-143
30,273.0,179.4314644,3,6.63e-144,1.0913535691685891e-142
30,273.0,179.4314644,4,8.84e-144,1.4551380922247852e-142
30,273.0,179.4314644,5,1.11e-143,1.827153034354651e-142
30,298.15,179.9742606,1,1.1600000000000001e-132,1.9094572250913476e-131
30,298.15,179.9742606,2,2.3200000000000002e-132,3.8189144501826953e-131
30,298.15,179.9742606,3,3.4800000000000004e-132,5.728371675274042e-131
30,298.15,179.9742606,4,4.6400000000000004e-132,7.637828900365391e-131
30,298.15,179.9742606,5,5.800000000000001e-132,9.547286125456737e-131
30,400.0,182.1410526,1,2.9800000000000003e-100,4.9053297679070816e-99
30,400.0,182.1410526,2,5.960000000000001e-100,9.810659535814163e-99
30,400.0,182.1410526,3,8.95e-100,1.4732450141868586e-98
30,400.0,182.1410526,4,1.19e-99,1.9588397395333645e-98
30,400.0,182.1410526,5,1.49e-99,2.452664883953541e-98
30,500.0,184.2149732,1,2.97e-81,4.888868929759742e-80
30,500.0,184.2149732,2,5.94e-81,9.777737859519485e-80
30,500.0,184.2149732,3,8.92e-81,1.4683067627426562e-79
30,500.0,184.2149732,4,1.1900000000000001e-80,1.958839739533365e-79
30,500.0,184.2149732,5,1.49e-80,2.4526648839535407e-79
30,600.0,186.2418305,1,1.43e-68,2.3538998550695052e-67
30,600.0,186.2418305,2,2.86e-68,4.7077997101390104e-67
30,600.0,186.2418305,3,4.299999999999999e-68,7.078160403355854e-67
30,600.0,186.2418305,4,5.73e-68,9.432060258425361e-67
30,600.0,186.2418305,5,7.1599999999999995e-68,1.1785960113494866e-66
30,700.0,188.2266446,1,1.69e-59,2.7818816469003253e-58
30,700.0,188.2266446,2,3.38e-59,5.5637632938006506e-58
30,700.0,188.2266446,3,5.0700000000000005e-59,8.345644940700974e-58
30,700.0,188.2266446,4,6.76e-59,1.1127526587601301e-57
30,700.0,188.2266446,5,8.45e-59,1.3909408234501622e-57
31,77.0,-6.15022551,1,1.0,14.132382902174733
31,77.0,-6.15022551,2,1.0,14.132382902174733
31,77.0,-6.15022551,3,1.0,14.132382902174733
31,77.0,-6.15022551,4,1.0,14.132382902174733
31,77.0,-6.15022551,5,1.0,14.132382902174733
31,100.0,-5.77622955,1,1.0,14.132382902174733
31,100.0,-5.77622955,2,1.0,14.132382902174733
31,100.0,-5.77622955,3,1.0,14.132382902174733
31,100.0,-5.77622955,4,1.0,14.132382902174733
31,100.0,-5.77622955,5,1.0,14.132382902174733
31,273.0,-3.10805703,1,0.996762319,14.09307520285984
31,273.0,-3.10805703,2,0.998378534,14.112701674562114
31,273.0,-3.10805703,3,0.998918438,14.119255988958129
31,273.0,-3.10805703,4,0.999188609,14.122535429241504
31,273.0,-3.10805703,5,0.999350782,14.124503827665475
31,298.15,-2.74723878,1,0.99040892,14.015835825911038
31,298.15,-2.74723878,2,0.995181352,14.073868083983598
31,298.15,-2.74723878,3,0.9967824,14.093319111078026
31,298.15,-2.74723878,4,0.997584857,14.103064795918133
31,298.15,-2.74723878,5,0.998066952,14.108918683132652
31,400.0,-1.33910634,1,0.843543618,12.190833097488449
31,400.0,-1.33910634,2,0.915132801,13.090005502011762
31,400.0,-1.33910634,3,0.941774729,13.419948712624036
31,400.0,-1.33910634,4,0.955685998,13.591237272723053
31,400.0,-1.33910634,5,0.964231792,13.696125436996892
31,500.0,-0.02949297,1,0.507420937,7.707618659683424
31,500.0,-0.02949297,2,0.673230582,9.975000956400518
31,500.0,-0.02949297,3,0.755524704,11.059471183623954
31,500.0,-0.02949297,4,0.804707479,11.69521618267875
31,500.0,-0.02949297,5,0.837415683,12.11299994306034
31,600.0,1.22113446,1,0.264196529,4.167042991706361
31,600.0,1.22113446,2,0.417967497,6.436294512011155
31,600.0,1.22113446,3,0.518577066,7.863752084578865
31,600.0,1.22113446,4,0.589530434,8.844533527730059
31,600.0,1.22113446,5,0.642255719,9.559932833963924
31,700.0,2.4221886,1,0.149128323,2.3956065168441003
31,700.0,2.4221886,2,0.259550339,4.0967630965536355
31,700.0,2.4221886,3,0.344604412,5.367208531196717
31,700.0,2.4221886,4,0.412131743,6.352137900335414
31,700.0,2.4221886,5,0.467043787,7.138077429954734
32,77.0,-45.72728121,1,1.0,14.134226070495856
32,77.0,-45.72728121,2,1.0,14.134226070495856
32,77.0,-45.72728121,3,1.0,14.134226070495856
32,77.0,-45.72728121,4,1.0,14.134226070495856
32,77.0,-45.72728121,5,1.0,14.134226070495856
32,100.0,-45.35454027,1,1.0,14.134226070495856
32,100.0,-45.35454027,2,1.0,14.134226070495856
32,100.0,-45.35454027,3,1.0,14.134226070495856
32,100.0,-45.35454027,4,1.0,14.134226070495856
32,100.0,-45.35454027,5,1.0,14.134226070495856
32,273.0,-41.93712081,1,1.0,14.134226070495856
32,273.0,-41.93712081,2,1.0,14.134226070495856
32,273.0,-41.93712081,3,1.0,14.134226070495856
32,273.0,-41.93712081,4,1.0,14.134226070495856
32,273.0,-41.93712081,5,1.0,14.134226070495856
32,298.15,-41.45770317,1,1.0,14.134226070495856
32,298.15,-41.45770317,2,1.0,14.134226070495856
32,298.15,-41.45770317,3,1.0,14.134226070495856
32,298.15,-41.45770317,4,1.0,14.134226070495856
32,298.15,-41.45770317,5,1.0,14.134226070495856
32,400.0,-39.62286393,1,1.0,14.134226070495856
32,400.0,-39.62286393,2,1.0,14.134226070495856
32,400.0,-39.62286393,3,1.0,14.134226070495856
32,400.0,-39.62286393,4,1.0,14.134226070495856
32,400.0,-39.62286393,5,1.0,14.134226070495856
32,500.0,-37.95996243,1,1.0,14.134226070495856
32,500.0,-37.95996243,2,1.0,14.134226070495856
32,500.0,-37.95996243,3,1.0,14.134226070495856
32,500.0,-37.95996243,4,1.0,14.134226070495856
32,500.0,-37.95996243,5,1.0,14.134226070495856
32,600.0,-36.3579294,1,1.0,14.134226070495856
32,600.0,-36.3579294,2,1.0,14.134226070495856
32,600.0,-36.3579294,3,1.0,14.134226070495856
32,600.0,-36.3579294,4,1.0,14.134226070495856
32,600.0,-36.3579294,5,1.0,14.134226070495856
32,700.0,-34.87135821,1,1.0,14.134226070495856
32,700.0,-34.87135821,2,1.0,14.134226070495856
32,700.0,-34.87135821,3,1.0,14.134226070495856
32,700.0,-34.87135821,4,1.0,14.134226070495856
32,700.0,-34.87135821,5,1.0,14.134226070495856
33,77.0,-11.60705247,1,1.0,14.130510969369874
33,77.0,-11.60705247,2,1.0,14.130510969369874
33,77.0,-11.60705247,3,1.0,14.130510969369874
33,77.0,-11.60705247,4,1.0,14.130510969369874
33,77.0,-11.60705247,5,1.0,14.130510969369874
33,100.0,-11.23117398,1,1.0,14.130510969369874
33,100.0,-11.23117398,2,1.0,14.130510969369874
33,100.0,-11.23117398,3,1.0,14.130510969369874
33,100.0,-11.23117398,4,1.0,14.130510969369874
33,100.0,-11.23117398,5,1.0,14.130510969369874
33,273.0,-8.31136995,1,0.999999778,14.130508275666728
33,273.0,-8.31136995,2,0.999999889,14.130509622518325
33,273.0,-8.31136995,3,0.999999926,14.130510071468846
33,273.0,-8.31136995,4,0.999999945,14.130510302011004
33,273.0,-8.31136995,5,0.999999956,14.130510435482776
33,298.15,-7.90474347,1,0.999998396,14.130491506754165
33,298.15,-7.90474347,2,0.999999198,14.130501238063125
33,298.15,-7.90474347,3,0.999999465,14.130504477787687
33,298.15,-7.90474347,4,0.999999599,14.130506103716774
33,298.15,-7.90474347,5,0.999999679,14.13050707442068
33,400.0,-6.39307188,1,0.99967896,14.126615358276219
33,400.0,-6.39307188,2,0.999839454,14.128562892511699
33,400.0,-6.39307188,3,0.999892964,14.12921219656992
33,400.0,-6.39307188,4,0.999919721,14.129536869184978
33,400.0,-6.39307188,5,0.999935775,14.129731669148745
33,500.0,-4.92783603,1,0.99303644,14.04593331870978
33,500.0,-4.92783603,2,0.996506055,14.088095206847404
33,500.0,-4.92783603,3,0.997667987,14.102205468324478
33,500.0,-4.92783603,4,0.99824997,14.109271207271885
33,500.0,-4.92783603,5,0.998599486,14.113514052318166
33,600.0,-3.57931704,1,0.952676979,13.55243744349811
33,600.0,-3.57931704,2,0.975765054,13.835438558688862
33,600.0,-3.57931704,3,0.983711788,13.93241716804115
33,600.0,-3.57931704,4,0.987733893,13.981418092843803
33,600.0,-3.57931704,5,0.990162982,14.01098443992182
33,700.0,-2.20569765,1,0.830025227,12.017316126288673
33,700.0,-2.20569765,2,0.907118891,12.988522278421378
33,700.0,-2.20569765,3,0.936100921,13.348107954853209
33,700.0,-2.20569765,4,0.951297683,13.535471922826767
33,700.0,-2.20569765,5,0.960654907,13.650436523679947
34,77.0,-30.02509848,1,1.0,14.126190400356723
34,77.0,-30.02509848,2,1.0,14.126190400356723
34,77.0,-30.02509848,3,1.0,14.126190400356723
34,77.0,-30.02509848,4,1.0,14.126190400356723
34,77.0,-30.02509848,5,1.0,14.126190400356723
34,100.0,-29.743974,1,1.0,14.126190400356723
34,100.0,-29.743974,2,1.0,14.126190400356723
34,100.0,-29.743974,3,1.0,14.126190400356723
34,100.0,-29.743974,4,1.0,14.126190400356723
34,100.0,-29.743974,5,1.0,14.126190400356723
34,273.0,-28.08044499,1,1.0,14.126190400356723
34,273.0,-28.08044499,2,1.0,14.126190400356723
34,273.0,-28.08044499,3,1.0,14.126190400356723
34,273.0,-28.08044499,4,1.0,14.126190400356723
34,273.0,-28.08044499,5,1.0,14.126190400356723
34,298.15,-27.89156448,1,1.0,14.126190400356723
34,298.15,-27.89156448,2,1.0,14.126190400356723
34,298.15,-27.89156448,3,1.0,14.126190400356723
34,298.15,-27.89156448,4,1.0,14.126190400356723
34,298.15,-27.89156448,5,1.0,14.126190400356723
34,400.0,-27.21322617,1,1.0,14.126190400356723
34,400.0,-27.21322617,2,1.0,14.126190400356723
34,400.0,-27.21322617,3,1.0,14.126190400356723
34,400.0,-27.21322617,4,1.0,14.126190400356723
34,400.0,-27.21322617,5,1.0,14.126190400356723
34,500.0,-26.65223223,1,1.0,14.126190400356723
34,500.0,-26.65223223,2,1.0,14.126190400356723
34,500.0,-26.65223223,3,1.0,14.126190400356723
34,500.0,-26.65223223,4,1.0,14.126190400356723
34,500.0,-26.65223223,5,1.0,14.126190400356723
34,600.0,-26.16465696,1,1.0,14.126190400356723
34,600.0,-26.16465696,2,1.0,14.126190400356723
34,600.0,-26.16465696,3,1.0,14.126190400356723
34,600.0,-26.16465696,4,1.0,14.126190400356723
34,600.0,-26.16465696,5,1.0,14.126190400356723
34,700.0,-25.73230257,1,0.999999991,14.126190291180441
34,700.0,-25.73230257,2,0.999999995,14.126190339703234
34,700.0,-25.73230257,3,0.999999997,14.12619036396463
34,700.0,-25.73230257,4,0.999999998,14.126190376095327
34,700.0,-25.73230257,5,0.999999998,14.126190376095327
35,77.0,-38.73870234,1,1.0,14.182665957707885
35,77.0,-38.73870234,2,1.0,14.182665957707885
35,77.0,-38.73870234,3,1.0,14.182665957707885
35,77.0,-38.73870234,4,1.0,14.182665957707885
35,77.0,-38.73870234,5,1.0,14.182665957707885
35,100.0,-38.47138308,1,1.0,14.182665957707885
35,100.0,-38.47138308,2,1.0,14.182665957707885
35,100.0,-38.47138308,3,1.0,14.182665957707885
35,100.0,-38.47138308,4,1.0,14.182665957707885
35,100.0,-38.47138308,5,1.0,14.182665957707885
35,273.0,-36.95029884,1,1.0,14.182665957707885
35,273.0,-36.95029884,2,1.0,14.182665957707885
35,273.0,-36.95029884,3,1.0,14.182665957707885
35,273.0,-36.95029884,4,1.0,14.182665957707885
35,273.0,-36.95029884,5,1.0,14.182665957707885
35,298.15,-36.78338118,1,1.0,14.182665957707885
35,298.15,-36.78338118,2,1.0,14.182665957707885
35,298.15,-36.78338118,3,1.0,14.182665957707885
35,298.15,-36.78338118,4,1.0,14.182665957707885
35,298.15,-36.78338118,5,1.0,14.182665957707885
35,400.0,-36.19163925,1,1.0,14.182665957707885
35,400.0,-36.19163925,2,1.0,14.182665957707885
35,400.0,-36.19163925,3,1.0,14.182665957707885
35,400.0,-36.19163925,4,1.0,14.182665957707885
35,400.0,-36.19163925,5,1.0,14.182665957707885
35,500.0,-35.7115941,1,1.0,14.182665957707885
35,500.0,-35.7115941,2,1.0,14.182665957707885
35,500.0,-35.7115941,3,1.0,14.182665957707885
35,500.0,-35.7115941,4,1.0,14.182665957707885
35,500.0,-35.7115941,5,1.0,14.182665957707885
35,600.0,-35.30183007,1,1.0,14.182665957707885
35,600.0,-35.30183007,2,1.0,14.182665957707885
35,600.0,-35.30183007,3,1.0,14.182665957707885
35,600.0,-35.30183007,4,1.0,14.182665957707885
35,600.0,-35.30183007,5,1.0,14.182665957707885
35,700.0,-34.94414937,1,1.0,14.182665957707885
35,700.0,-34.94414937,2,1.0,14.182665957707885
35,700.0,-34.94414937,3,1.0,14.182665957707885
35,700.0,-34.94414937,4,1.0,14.182665957707885
35,700.0,-34.94414937,5,1.0,14.182665957707885
36,77.0,-36.04919448,1,1.0,14.208910452852638
36,77.0,-36.04919448,2,1.0,14.208910452852638
36,77.0,-36.04919448,3,1.0,14.208910452852638
36,77.0,-36.04919448,4,1.0,14.208910452852638
36,77.0,-36.04919448,5,1.0,14.208910452852638
36,100.0,-35.72351679,1,1.0,14.208910452852638
36,100.0,-35.72351679,2,1.0,14.208910452852638
36,100.0,-35.72351679,3,1.0,14.208910452852638
36,100.0,-35.72351679,4,1.0,14.208910452852638
36,100.0,-35.72351679,5,1.0,14.208910452852638
36,273.0,-33.59814042,1,1.0,14.208910452852638
36,273.0,-33.59814042,2,1.0,14.208910452852638
36,273.0,-33.59814042,3,1.0,14.208910452852638
36,273.0,-33.59814042,4,1.0,14.208910452852638
36,273.0,-33.59814042,5,1.0,14.208910452852638
36,298.15,-33.30070068,1,1.0,14.208910452852638
36,298.15,-33.30070068,2,1.0,14.208910452852638
36,298.15,-33.30070068,3,1.0,14.208910452852638
36,298.15,-33.30070068,4,1.0,14.208910452852638
36,298.15,-33.30070068,5,1.0,14.208910452852638
36,400.0,-32.34563046,1,1.0,14.208910452852638
36,400.0,-32.34563046,2,1.0,14.208910452852638
36,400.0,-32.34563046,3,1.0,14.208910452852638
36,400.0,-32.34563046,4,1.0,14.208910452852638
36,400.0,-32.34563046,5,1.0,14.208910452852638
36,500.0,-31.48719678,1,1.0,14.208910452852638
36,500.0,-31.48719678,2,1.0,14.208910452852638
36,500.0,-31.48719678,3,1.0,14.208910452852638
36,500.0,-31.48719678,4,1.0,14.208910452852638
36,500.0,-31.48719678,5,1.0,14.208910452852638
36,600.0,-30.78250305,1,1.0,14.208910452852638
36,600.0,-30.78250305,2,1.0,14.208910452852638
36,600.0,-30.78250305,3,1.0,14.208910452852638
36,600.0,-30.78250305,4,1.0,14.208910452852638
36,600.0,-30.78250305,5,1.0,14.208910452852638
36,700.0,-30.18887859,1,1.0,14.208910452852638
36,700.0,-30.18887859,2,1.0,14.208910452852638
36,700.0,-30.18887859,3,1.0,14.208910452852638
36,700.0,-30.18887859,4,1.0,14.208910452852638
36,700.0,-30.18887859,5,1.0,14.208910452852638
37,77.0,-11.41691694,1,1.0,14.248173681741957
37,77.0,-11.41691694,2,1.0,14.248173681741957
37,77.0,-11.41691694,3,1.0,14.248173681741957
37,77.0,-11.41691694,4,1.0,14.248173681741957
37,77.0,-11.41691694,5,1.0,14.248173681741957
37,100.0,-11.11069206,1,1.0,14.248173681741957
37,100.0,-11.11069206,2,1.0,14.248173681741957
37,100.0,-11.11069206,3,1.0,14.248173681741957
37,100.0,-11.11069206,4,1.0,14.248173681741957
37,100.0,-11.11069206,5,1.0,14.248173681741957
37,273.0,-9.10266006,1,0.999999948,14.248173046402357
37,273.0,-9.10266006,2,0.999999974,14.248173364072162
37,273.0,-9.10266006,3,0.999999983,14.24817347403478
37,273.0,-9.10266006,4,0.999999987,14.24817352290706
37,273.0,-9.10266006,5,0.99999999,14.248173559561266
37,298.15,-8.85040104,1,0.999999675,14.248169710869298
37,298.15,-8.85040104,2,0.999999837,14.24817169019664
37,298.15,-8.85040104,3,0.999999892,14.248172362190466
37,298.15,-8.85040104,4,0.999999919,14.248172692078345
37,298.15,-8.85040104,5,0.999999935,14.248172887567453
37,400.0,-7.90223343,1,0.999951911,14.247586122988809
37,400.0,-7.90223343,2,0.999975955,14.247879897262768
37,400.0,-7.90223343,3,0.99998397,14.247977825646169
37,400.0,-7.90223343,4,0.999987977,14.248026783644931
37,400.0,-7.90223343,5,0.999990382,14.248056168191845
37,500.0,-7.0594875,1,0.999180236,14.238156578492353
37,500.0,-7.0594875,2,0.99958995,14.243163369761715
37,500.0,-7.0594875,3,0.999726596,14.244833082631025
37,500.0,-7.0594875,4,0.999794933,14.245668085746498
37,500.0,-7.0594875,5,0.99983594,14.246169138460049
37,600.0,-6.28325763,1,0.994884263,14.185623660673777
37,600.0,-6.28325763,2,0.997435572,14.216829870578124
37,600.0,-6.28325763,3,0.998288919,14.227262477658865
37,600.0,-6.28325763,4,0.99871614,14.232484521519426
37,600.0,-6.28325763,5,0.998972648,14.235619586310857
37,700.0,-5.55848358,1,0.981948703,14.027052968680792
37,700.0,-5.55848358,2,0.990892147,14.136748707496702
37,700.0,-5.55848358,3,0.993909608,14.17369622186308
37,700.0,-5.55848358,4,0.99542524,14.192242490666459
37,700.0,-5.55848358,5,0.996336841,14.20339357955128
38,77.0,-15.5936235,1,1.0,14.118635758806642
38,77.0,-15.5936235,2,1.0,14.118635758806642
38,77.0,-15.5936235,3,1.0,14.118635758806642
38,77.0,-15.5936235,4,1.0,14.118635758806642
38,77.0,-15.5936235,5,1.0,14.118635758806642
38,100.0,-15.17256429,1,1.0,14.118635758806642
38,100.0,-15.17256429,2,1.0,14.118635758806642
38,100.0,-15.17256429,3,1.0,14.118635758806642
38,100.0,-15.17256429,4,1.0,14.118635758806642
38,100.0,-15.17256429,5,1.0,14.118635758806642
38,273.0,-12.07203738,1,1.0,14.118635758806642
38,273.0,-12.07203738,2,1.0,14.118635758806642
38,273.0,-12.07203738,3,1.0,14.118635758806642
38,273.0,-12.07203738,4,1.0,14.118635758806642
38,273.0,-12.07203738,5,1.0,14.118635758806642
38,298.15,-11.64470307,1,0.999999997,14.118635722430811
38,298.15,-11.64470307,2,0.999999999,14.118635746681363
38,298.15,-11.64470307,3,0.999999999,14.118635746681363
38,298.15,-11.64470307,4,0.999999999,14.118635746681363
38,298.15,-11.64470307,5,0.999999999,14.118635746681363
38,400.0,-9.96799635,1,0.999996425,14.118592410919478
38,400.0,-9.96799635,2,0.999998212,14.118614078805889
38,400.0,-9.96799635,3,0.999998808,14.118621305474022
38,400.0,-9.96799635,4,0.999999106,14.118624918807631
38,400.0,-9.96799635,5,0.999999285,14.118627089232708
38,500.0,-8.39294625,1,0.999785687,14.116037075685393
38,500.0,-8.39294625,2,0.999892832,14.11733629745919
38,500.0,-8.39294625,3,0.999928552,14.117769423276261
38,500.0,-8.39294625,4,0.999946413,14.117985996672001
38,500.0,-8.39294625,5,0.99995713,14.118115945035312
38,600.0,-6.87437205,1,0.996877902,14.080762761401486
38,600.0,-6.87437205,2,0.99843651,14.099673823743805
38,600.0,-6.87437205,3,0.99895713,14.105988809055214
38,600.0,-6.87437205,4,0.999217644,14.109148427640966
38,600.0,-6.87437205,5,0.999374017,14.111044870648486
38,700.0,-5.4028611,1,0.97985474,13.873672166792975
38,700.0,-5.4028611,2,0.98982488,13.995082114580171
38,700.0,-5.4028611,3,0.993193501,14.036025685993986
38,700.0,-5.4028611,4,0.994886424,14.05658743648468
38,700.0,-5.4028611,5,0.995904951,14.068953430759452
39,77.0,-7.58847843,1,1.0,14.120509464914383
39,77.0,-7.58847843,2,1.0,14.120509464914383
39,77.0,-7.58847843,3,1.0,14.120509464914383
39,77.0,-7.58847843,4,1.0,14.120509464914383
39,77.0,-7.58847843,5,1.0,14.120509464914383
39,100.0,-7.19314713,1,1.0,14.120509464914383
39,100.0,-7.19314713,2,1.0,14.120509464914383
39,100.0,-7.19314713,3,1.0,14.120509464914383
39,100.0,-7.19314713,4,1.0,14.120509464914383
39,100.0,-7.19314713,5,1.0,14.120509464914383
39,273.0,-4.33923165,1,0.999664417,14.116439784015522
39,273.0,-4.33923165,2,0.99983218,14.118474327052505
39,273.0,-4.33923165,3,0.999888114,14.119152644294994
39,273.0,-4.33923165,4,0.999916083,14.119491823151908
39,273.0,-4.33923165,5,0.999932865,14.1196953364562
39,298.15,-3.94954794,1,0.9987291,14.105094975289765
39,298.15,-3.94954794,2,0.999364146,14.112798011691075
39,298.15,-3.94954794,3,0.999576007,14.115367554400782
39,298.15,-3.94954794,4,0.999681972,14.11665268650652
39,298.15,-3.94954794,5,0.999745561,14.11742386858423
39,400.0,-2.42156109,1,0.954642235,13.56692745965304
39,400.0,-2.42156109,2,0.976794851,13.838184313402374
39,400.0,-2.42156109,3,0.984409306,13.931029881920121
39,400.0,-2.42156109,4,0.988261225,13.977921432231218
39,400.0,-2.42156109,5,0.990586881,14.006208205836524
39,500.0,-0.99083829,1,0.730531505,10.723510066894658
39,500.0,-0.99083829,2,0.844285704,12.189768664622951
39,500.0,-0.99083829,3,0.890507275,12.771881579912977
39,500.0,-0.99083829,4,0.91556932,13.084296786780222
39,500.0,-0.99083829,5,0.931295299,13.279191547559982
39,600.0,0.3827811,1,0.420414707,6.465618640293531
39,600.0,0.3827811,2,0.59196051,8.86983980440998
39,600.0,0.3827811,3,0.685149918,10.12479860923039
39,600.0,0.3827811,4,0.74368743,10.89558540199552
39,600.0,0.3827811,5,0.783870608,11.417085476146958
39,700.0,1.70808222,1,0.226524481,3.590826412804559
39,700.0,1.70808222,2,0.369376209,5.725632307851105
39,700.0,1.70808222,3,0.467687918,7.140725581574103
39,700.0,1.70808222,4,0.539480979,8.147562998019424
39,700.0,1.70808222,5,0.594209978,8.900545478539009
40,77.0,-23.08923045,1,1.0,14.111089193333887
40,77.0,-23.08923045,2,1.0,14.111089193333887
40,77.0,-23.08923045,3,1.0,14.111089193333887
40,77.0,-23.08923045,4,1.0,14.111089193333887
40,77.0,-23.08923045,5,1.0,14.111089193333887
40,100.0,-22.70895939,1,1.0,14.111089193333887
40,100.0,-22.70895939,2,1.0,14.111089193333887
40,100.0,-22.70895939,3,1.0,14.111089193333887
40,100.0,-22.70895939,4,1.0,14.111089193333887
40,100.0,-22.70895939,5,1.0,14.111089193333887
40,273.0,-20.14558104,1,1.0,14.111089193333887
40,273.0,-20.14558104,2,1.0,14.111089193333887
40,273.0,-20.14558104,3,1.0,14.111089193333887
40,273.0,-20.14558104,4,1.0,14.111089193333887
40,273.0,-20.14558104,5,1.0,14.111089193333887
40,298.15,-19.81613829,1,1.0,14.111089193333887
40,298.15,-19.81613829,2,1.0,14.111089193333887
40,298.15,-19.81613829,3,1.0,14.111089193333887
40,298.15,-19.81613829,4,1.0,14.111089193333887
40,298.15,-19.81613829,5,1.0,14.111089193333887
40,400.0,-18.55672572,1,1.0,14.111089193333887
40,400.0,-18.55672572,2,1.0,14.111089193333887
40,400.0,-18.55672572,3,1.0,14.111089193333887
40,400.0,-18.55672572,4,1.0,14.111089193333887
40,400.0,-18.55672572,5,1.0,14.111089193333887
40,500.0,-17.41528503,1,0.999999976,14.111088902457226
40,500.0,-17.41528503,2,0.999999988,14.111089047895556
40,500.0,-17.41528503,3,0.999999992,14.111089096374998
40,500.0,-17.41528503,4,0.999999994,14.111089120614718
40,500.0,-17.41528503,5,0.999999995,14.111089132734584
40,600.0,-16.33973289,1,0.999998884,14.111075667567091
40,600.0,-16.33973289,2,0.999999442,14.111082430451022
40,600.0,-16.33973289,3,0.999999628,14.111084684745427
40,600.0,-16.33973289,4,0.999999721,14.111085811892584
40,600.0,-16.33973289,5,0.999999777,14.111086490604837
40,700.0,-15.31814661,1,0.999983516,14.11088940908356
40,700.0,-15.31814661,2,0.999991758,14.110989301324903
40,700.0,-15.31814661,3,0.999994505,14.111022594647087
40,700.0,-15.31814661,4,0.999995879,14.11103924735844
40,700.0,-15.31814661,5,0.999996703,14.1110492341342
41,77.0,404.8493717,1,0.0,0.0
41,77.0,404.8493717,2,0.0,0.0
41,77.0,404.8493717,3,0.0,0.0
41,77.0,404.8493717,4,0.0,0.0
41,77.0,404.8493717,5,0.0,0.0
41,100.0,405.3018064,1,0.0,0.0
41,100.0,405.3018064,2,0.0,0.0
41,100.0,405.3018064,3,0.0,0.0
41,100.0,405.3018064,4,0.0,0.0
41,100.0,405.3018064,5,0.0,0.0
41,273.0,409.3925441,1,0.0,0.0
41,273.0,409.3925441,2,0.0,0.0
41,273.0,409.3925441,3,0.0,0.0
41,273.0,409.3925441,4,0.0,0.0
41,273.0,409.3925441,5,0.0,0.0
41,298.15,409.9962087,1,2.75e-301,4.523733578618639e-300
41,298.15,409.9962087,2,5.51e-301,9.063917097523163e-300
41,298.15,409.9962087,3,8.26e-301,1.35876506761418e-299
41,298.15,409.9962087,4,1.0999999999999998e-300,1.8094934314474552e-299
41,298.15,409.9962087,5,1.38e-300,2.270091759452262e-299
41,400.0,412.5043662,1,3.98e-226,6.547076233782611e-225
41,400.0,412.5043662,2,7.950000000000001e-226,1.3077702527279337e-224
41,400.0,412.5043662,3,1.1899999999999999e-225,1.9575428940204287e-224
41,400.0,412.5043662,4,1.59e-225,2.6155405054558675e-224
41,400.0,412.5043662,5,1.9899999999999997e-225,3.273538116891305e-224
41,500.0,414.9478901,1,4.09e-182,6.728025576927357e-181
41,500.0,414.9478901,2,8.17e-182,1.3439601213568826e-180
41,500.0,414.9478901,3,1.23e-181,2.0233426551639732e-180
41,500.0,414.9478901,4,1.63e-181,2.681340266599411e-180
41,500.0,414.9478901,5,2.04e-181,3.355787818320736e-180
41,600.0,417.3732163,1,9.11e-153,1.4985895600442107e-151
41,600.0,417.3732163,2,1.8199999999999999e-152,2.9938891320312436e-151
41,600.0,417.3732163,3,2.73e-152,4.490833698046866e-151
41,600.0,417.3732163,4,3.6399999999999998e-152,5.987778264062487e-151
41,600.0,417.3732163,5,4.55e-152,7.48472283007811e-151
41,700.0,419.7803446,1,8.470000000000001e-132,1.3933099422145407e-130
41,700.0,419.7803446,2,1.69e-131,2.780039908314726e-130
41,700.0,419.7803446,3,2.54e-131,4.178284832615033e-130
41,700.0,419.7803446,4,3.39e-131,5.576529756915339e-130
41,700.0,419.7803446,5,4.23e-131,6.95832474092976e-130
42,77.0,61.24434849,1,1.43e-174,2.351983468861186e-173
42,77.0,61.24434849,2,2.86e-174,4.703966937722372e-173
42,77.0,61.24434849,3,4.29e-174,7.055950406583559e-173
42,77.0,61.24434849,4,5.72e-174,9.407933875444744e-173
42,77.0,61.24434849,5,7.15e-174,1.1759917344305932e-172
42,100.0,61.57943883,1,2.5499999999999998e-135,4.194096395521695e-134
42,100.0,61.57943883,2,5.11e-135,8.404640227888575e-134
42,100.0,61.57943883,3,7.659999999999999e-135,1.2598736623410271e-133
42,100.0,61.57943883,4,1.0199999999999999e-134,1.677638558208678e-133
42,100.0,61.57943883,5,1.28e-134,2.105271916183439e-133
42,273.0,63.90373587,1,6.88e-52,1.1315836549485987e-50
42,273.0,63.90373587,2,1.38e-51,2.2697462846352707e-50
42,273.0,63.90373587,3,2.06e-51,3.388171990107723e-50
42,273.0,63.90373587,4,2.75e-51,4.523045132425359e-50
42,273.0,63.90373587,5,3.44e-51,5.657918274742994e-50
42,298.15,64.21372581,1,8.44e-48,1.3881636697334555e-46
42,298.15,64.21372581,2,1.69e-47,2.779616826835948e-46
42,298.15,64.21372581,3,2.53e-47,4.16120152183133e-46
42,298.15,64.21372581,4,3.3700000000000003e-47,5.5427862168267125e-46
42,298.15,64.21372581,5,4.22e-47,6.940818348667277e-46
42,400.0,65.41477995,1,1.8e-36,2.9605386321329615e-35
42,400.0,65.41477995,2,3.61e-36,5.937524701111106e-35
42,400.0,65.41477995,3,5.41e-36,8.898063333244068e-35
42,400.0,65.41477995,4,7.21e-36,1.185860196537703e-34
42,400.0,65.41477995,5,9.02e-36,1.4835588034355173e-34
42,500.0,66.5223351,1,8.33e-30,1.370071489203754e-28
42,500.0,66.5223351,2,1.67e-29,2.7467219531455814e-28
42,500.0,66.5223351,3,2.5000000000000002e-29,4.111859211295781e-28
42,500.0,66.5223351,4,3.33e-29,5.476996469445979e-28
42,500.0,66.5223351,5,4.17e-29,6.8585811644413605e-28
42,600.0,67.57404186,1,2.42e-25,3.980279716534315e-24
42,600.0,67.57404186,2,4.84e-25,7.96055943306863e-24
42,600.0,67.57404186,3,7.27e-25,1.1957286586448129e-23
42,600.0,67.57404186,4,9.69e-25,1.5937566302982445e-23
42,600.0,67.57404186,5,1.2099999999999999e-24,1.9901398582671576e-23
42,700.0,68.57994039,1,3.8600000000000003e-22,6.348710622240685e-21
42,700.0,68.57994039,2,7.720000000000001e-22,1.269742124448137e-20
42,700.0,68.57994039,3,1.16e-21,1.9079026740412422e-20
42,700.0,68.57994039,4,1.54e-21,2.5329052741582004e-20
42,700.0,68.57994039,5,1.9300000000000003e-21,3.174355311120343e-20
43,77.0,-4.43586819,1,1.0,14.126190400356723
43,77.0,-4.43586819,2,1.0,14.126190400356723
43,77.0,-4.43586819,3,1.0,14.126190400356723
43,77.0,-4.43586819,4,1.0,14.126190400356723
43,77.0,-4.43586819,5,1.0,14.126190400356723
43,100.0,-3.95896059,1,0.999999998,14.126190376095327
43,100.0,-3.95896059,2,0.999999999,14.126190388226023
43,100.0,-3.95896059,3,0.999999999,14.126190388226023
43,100.0,-3.95896059,4,0.999999999,14.126190388226023
43,100.0,-3.95896059,5,1.0,14.126190400356723
43,273.0,-0.12612951,1,0.557868962,8.405541994876582
43,273.0,-0.12612951,2,0.716194976,10.539649995907972
43,273.0,-0.12612951,3,0.791027502,11.514099633216183
43,273.0,-0.12612951,4,0.834631246,12.072169456228817
43,273.0,-0.12612951,5,0.863179841,12.433755904621178
43,298.15,0.43172688,1,0.325469887,5.081878455764905
43,298.15,0.43172688,2,0.491101141,7.474731914149673
43,298.15,0.43172688,3,0.591426578,8.866332446576832
43,298.15,0.43172688,4,0.658709362,9.776386822960584
43,298.15,0.43172688,5,0.706965504,10.417977437804362
43,400.0,2.66440746,1,0.033819952,0.5532582151914494
43,400.0,2.66440746,2,0.065427161,1.0648126021426427
43,400.0,2.66440746,3,0.095031908,1.5392072586723637
43,400.0,2.66440746,4,0.122818647,1.9803492369996856
43,400.0,2.66440746,5,0.148949853,2.3916164149020536
43,500.0,4.80798162,1,0.007849399,0.12895563454888415
43,500.0,4.80798162,2,0.015576531,0.2555781292909289
43,500.0,4.80798162,3,0.023184232,0.37993025687840615
43,500.0,4.80798162,4,0.030675248,0.5020725098564273
43,500.0,4.80798162,5,0.038052245,0.6220633081890395
43,600.0,6.90763008,1,0.003036467,0.049924763560024926
43,600.0,6.90763008,2,0.00605455,0.09949788905931599
43,600.0,6.90763008,3,0.009054414,0.14872305470992092
43,600.0,6.90763008,4,0.012036225,0.19760393624326114
43,600.0,6.90763008,5,0.015000145,0.24614412523422569
43,700.0,8.96649039,1,0.001583491,0.02604154900399293
43,700.0,8.96649039,2,0.003161975,0.051987259126573926
43,700.0,8.96649039,3,0.004735476,0.07783766321084921
43,700.0,8.96649039,4,0.006304018,0.10359329267112956
43,700.0,8.96649039,5,0.007867623,0.12925464468797782
44,77.0,1.22803707,1,0.000326603,0.005370663804568429
44,77.0,1.22803707,2,0.000652993,0.010737248749028842
44,77.0,1.22803707,3,0.000979169,0.01609973961431227
44,77.0,1.22803707,4,0.001305133,0.021458170500795862
44,77.0,1.22803707,5,0.001630884,0.02681252618541049
44,100.0,1.57944267,1,0.000352932,0.005803593081965419
44,100.0,1.57944267,2,0.000705616,0.011602435181527785
44,100.0,1.57944267,3,0.00105805,0.017396494956209138
44,100.0,1.57944267,4,0.001410236,0.0231858068263263
44,100.0,1.57944267,5,0.001762174,0.028970372324705278
44,273.0,4.00665135,1,0.000619363,0.010184322606658216
44,273.0,4.00665135,2,0.001237959,0.02035396291669547
44,273.0,4.00665135,3,0.00185579,0.03050896212623685
44,273.0,4.00665135,4,0.002472857,0.04064934495872165
44,273.0,4.00665135,5,0.003089161,0.05077513610986822
44,298.15,4.32542643,1,0.000674251,0.011086758051749943
44,298.15,4.32542643,2,0.001347593,0.022156116267246076
44,298.15,4.32542643,3,0.002020029,0.033208134688997824
44,298.15,4.32542643,4,0.00269156,0.044242840434943746
44,298.15,4.32542643,5,0.003362187,0.05526026058833092
44,400.0,5.55095346,1,0.00092565,0.01521990087006532
44,400.0,5.55095346,2,0.001849588,0.030407033002813375
44,400.0,5.55095346,3,0.002771818,0.04556148986916064
44,400.0,5.55095346,4,0.003692346,0.0606833976382622
44,400.0,5.55095346,5,0.004611176,0.07577284944857346
44,500.0,6.66980379,1,0.001213005,0.01994376234163333
44,500.0,6.66980379,2,0.00242307,0.03983126173400424
44,500.0,6.66980379,3,0.003630207,0.05966275767678267
44,500.0,6.66980379,4,0.004834426,0.0794384763076331
44,500.0,6.66980379,5,0.006035737,0.0991586432944781
44,600.0,7.72527561,1,0.001531693,0.025182188559239992
44,600.0,7.72527561,2,0.003058701,0.0502747306303317
44,600.0,7.72527561,3,0.004581046,0.0752781128938415
44,600.0,7.72527561,4,0.006098748,0.10019278794687106
44,600.0,7.72527561,5,0.00761183,0.12501925641212985
44,700.0,8.72991912,1,0.001876528,0.030849787150381468
44,700.0,8.72991912,2,0.003746027,0.06156509722914142
44,700.0,8.72991912,3,0.005608536,0.09214680073566238
44,700.0,8.72991912,4,0.007464094,0.12259576539648416
44,700.0,8.72991912,5,0.00931274,0.15291285618800324
